first_name,second_name,year,goals_scored,assists,total_points,minutes,goals_conceded,creativity,influence,threat,bonus,bps,ict_index,clean_sheets,red_cards,yellow_cards,selected_by_percent,now_cost,element_type
Granit,Xhaka,2022-2023,5,5,119,2617,32,608.4,571.6,435,11,524,161.6,11,0,4,2.4,48,MID
Mohamed,Elneny,2022-2023,0,0,6,111,2,5.4,4.6,0,0,27,1.1,0,0,0,0.6,41,MID
Rob,Holding,2022-2023,1,0,20,557,13,10.3,149.6,54,0,117,21.4,0,0,0,0.2,42,DEF
Thomas,Partey,2022-2023,3,0,79,2256,25,404.3,492,232,6,428,113,10,0,4,0.4,47,MID
Martin,Ødegaard,2022-2023,12,8,180,2723,35,1001.5,826.2,806,25,697,263.6,11,0,4,27.4,66,MID
Kieran,Tierney,2022-2023,0,1,32,601,7,81,121.6,57,0,143,26.1,1,0,0,0.7,46,DEF
Nicolas,Pépé,2022-2023,0,0,0,0,0,0,0,0,0,0,0,0,0,0,0.1,53,MID
Benjamin,White,2022-2023,2,5,139,2604,30,435.2,591,153,12,644,118,13,0,5,15.6,50,DEF
Eddie,Nketiah,2022-2023,4,2,60,1018,14,117,211,590,5,160,91,2,0,2,1.9,64,FWD
Emile,Smith Rowe,2022-2023,0,1,13,133,3,63.7,36.2,39,0,46,13.7,0,0,0,0.4,56,MID
Bukayo,Saka,2022-2023,13,12,187,2785,37,1011.9,924.6,1053,19,621,298.9,11,0,6,34.3,83,MID
Takehiro,Tomiyasu,2022-2023,0,1,32,651,11,86.6,137,55,0,173,27.7,2,0,2,0.5,42,DEF
Aaron,Ramsdale,2022-2023,0,0,120,2970,38,0,668,0,6,574,66.9,12,0,1,10.9,48,GK
Gabriel,dos Santos Magalhães,2022-2023,3,0,129,2965,38,111.1,692,380,14,644,118.3,12,0,4,15.1,53,DEF
Nuno,Varela Tavares,2022-2023,0,0,0,0,0,0,0,0,0,0,0,0,0,0,0,45,DEF
Gabriel,Martinelli Silva,2022-2023,15,8,190,2660,32,814,830.2,1255,18,619,289.9,13,0,3,42.1,68,MID
Pablo,Marí Villar,2022-2023,0,0,0,0,0,0,0,0,0,0,0,0,0,0,0,45,DEF
Lucas,Torreira di Pascua,2022-2023,0,0,0,0,0,0,0,0,0,0,0,0,0,0,0.1,45,MID
Reiss,Nelson,2022-2023,3,3,38,123,1,98,167.8,139,5,114,40.6,1,0,0,0,47,MID
Matt,Turner,2022-2023,0,0,0,0,0,0,0,0,0,0,0,0,0,0,1.3,38,GK
Fábio,Ferreira Vieira,2022-2023,1,2,38,465,5,168.5,110.6,121,2,128,39.6,2,0,0,0.1,56,MID
William,Saliba,2022-2023,2,1,117,2415,25,100.8,529,114,14,571,74.5,12,0,4,17.1,50,DEF
Marcus,Oliveira Alencar,2022-2023,0,0,1,1,0,0.2,0,0,0,3,0,0,0,0,0.1,46,MID
Gabriel,Fernando de Jesus,2022-2023,9,6,101,1632,20,332.5,535.4,1090,13,320,195.7,7,0,5,28.3,81,FWD
Leandro,Trossard,2022-2023,8,11,139,1951,34,606.9,605.4,819,8,444,203.1,7,0,1,7.4,66,MID
Jorge Luiz,Frello Filho,2022-2023,2,1,65,1713,20,206.1,327,91,5,303,62.5,7,0,4,1.9,57,MID
Oleksandr,Zinchenko,2022-2023,1,2,91,1990,27,378.5,381.2,190,8,460,95,9,0,3,11.5,52,DEF
Matthew,Smith,2022-2023,0,0,0,0,0,0,0,0,0,0,0,0,0,0,0.1,44,MID
Ethan,Nwaneri,2022-2023,0,0,1,1,0,0,0,0,0,3,0,0,0,0,0,45,MID
Lino,Sousa,2022-2023,0,0,0,0,0,0,0,0,0,0,0,0,0,0,0.1,40,DEF
Karl,Hein,2022-2023,0,0,0,0,0,0,0,0,0,0,0,0,0,0,0,39,GK
Amario,Cozier-Duberry,2022-2023,0,0,0,0,0,0,0,0,0,0,0,0,0,0,0,45,MID
Nathan,Butler-Oyedeji,2022-2023,0,0,0,0,0,0,0,0,0,0,0,0,0,0,0,45,FWD
Jakub,Kiwior,2022-2023,0,0,2,14,1,0.1,2.8,0,0,6,0.3,0,0,0,0,40,DEF
Reuell,Walters,2022-2023,0,0,0,0,0,0,0,0,0,0,0,0,0,0,0,40,DEF
Philippe,Coutinho Correia,2022-2023,1,0,32,777,9,152.5,119.2,218,1,98,48.8,3,0,3,2.9,66,MID
Emiliano,Martínez Romero,2022-2023,0,0,123,2689,33,23,722.6,0,15,594,74.5,11,0,6,6.6,50,GK
Calum,Chambers,2022-2023,0,0,12,319,4,29.3,71.8,3,0,65,10.3,0,0,2,0.2,42,DEF
Lucas,Digne,2022-2023,1,0,46,1330,24,291.3,252.2,90,4,215,63.4,3,0,4,1.2,45,DEF
Bertrand,Traoré,2022-2023,2,0,18,155,0,24.5,73.8,55,1,52,15.1,1,0,1,0.1,49,MID
Robin,Olsen,2022-2023,0,0,10,280,8,0,83.2,0,1,62,8.2,1,0,0,1.4,39,GK
Morgan,Sanson,2022-2023,0,0,2,10,1,0.5,4.2,0,0,6,0.4,0,0,0,0.2,43,MID
John,McGinn,2022-2023,1,5,82,2242,26,310.7,347.2,309,3,315,96.7,10,0,5,0.6,51,MID
Kortney,Hause,2022-2023,0,0,0,0,0,0,0,0,0,0,0,0,0,0,0,44,DEF
Tyrone,Mings,2022-2023,1,3,123,2700,35,81.7,584.6,107,17,565,77.6,12,0,4,12.7,47,DEF
Ollie,Watkins,2022-2023,14,7,159,2683,36,360.6,779.2,1213,22,509,235.3,12,0,2,21.9,78,FWD
Marvelous,Nakamba,2022-2023,0,0,0,0,0,0,0,0,0,0,0,0,0,0,0.1,43,MID
Emiliano,Buendía Stati,2022-2023,5,3,108,2136,31,505,416.6,502,8,340,142.5,10,0,0,1,57,MID
Matty,Cash,2022-2023,0,2,53,1636,27,177.9,277.6,67,3,295,52.3,4,0,3,3.2,46,DEF
Ezri,Konsa Ngoyo,2022-2023,0,0,101,2872,40,113,483.8,70,6,559,66.8,12,0,5,0.9,44,DEF
Leon,Bailey,2022-2023,4,4,90,1731,31,382.3,297.2,488,6,202,116.3,7,0,4,2.7,43,MID
Douglas Luiz,Soares de Paulo,2022-2023,4,6,113,2482,31,549.9,576.4,228,11,490,135.4,12,1,5,0.7,48,MID
Jacob,Ramsey,2022-2023,4,6,106,2184,28,450.9,506.8,327,9,381,128.5,11,0,4,1.4,53,MID
Tim,Iroegbunam,2022-2023,0,0,0,0,0,0,0,0,0,0,0,0,0,0,0,45,MID
Diego Carlos,Santos Silva,2022-2023,0,0,3,180,3,2.8,23,32,0,17,5.8,0,0,0,0.2,47,DEF
Anwar,El Ghazi,2022-2023,0,0,0,0,0,0,0,0,0,0,0,0,0,0,0,48,MID
Keinan,Davis,2022-2023,0,0,0,0,0,0,0,0,0,0,0,0,0,0,0,54,FWD
Boubacar,Kamara,2022-2023,0,1,38,1566,27,121.4,262.8,35,0,215,42,3,0,4,0.1,48,MID
Cameron,Archer,2022-2023,0,0,6,43,1,2.4,1.8,6,0,13,0.9,0,0,0,1.8,42,FWD
Jaden,Philogene-Bidace,2022-2023,0,0,0,0,0,0,0,0,0,0,0,0,0,0,0,45,MID
Frédéric,Guilbert,2022-2023,0,0,0,0,0,0,0,0,0,0,0,0,0,0,0.6,39,DEF
Leander,Dendoncker,2022-2023,0,0,34,831,12,95.3,136.2,64,0,150,29.8,4,0,0,0.1,47,MID
Ludwig,Augustinsson,2022-2023,0,0,2,76,0,1.9,5.6,35,0,5,4.2,0,0,1,0,43,DEF
Kaine,Kesler Hayden,2022-2023,0,0,0,0,0,0,0,0,0,0,0,0,0,0,0,40,DEF
Ashley,Young,2022-2023,1,0,82,1777,24,207.8,342.2,67,8,347,61.9,9,0,5,0.9,43,DEF
Lamare,Bogarde,2022-2023,0,0,0,0,0,0,0,0,0,0,0,0,0,0,0,40,DEF
Filip,Marschall,2022-2023,0,0,0,0,0,0,0,0,0,0,0,0,0,0,0,40,GK
Kadan,Young,2022-2023,0,0,0,0,0,0,0,0,0,0,0,0,0,0,0,45,MID
Alexandre,Moreno Lopera,2022-2023,0,3,65,1066,7,277.9,208.4,126,5,239,60.9,7,0,3,2.9,45,DEF
Viljami,Sinisalo,2022-2023,0,0,0,0,0,0,0,0,0,0,0,0,0,0,0,40,GK
Jhon,Durán,2022-2023,0,0,7,78,2,3,5.4,49,0,5,5.5,0,0,1,0,55,FWD
Sil,Swinkels,2022-2023,0,0,0,0,0,0,0,0,0,0,0,0,0,0,0,40,DEF
Oliwier,Zych,2022-2023,0,0,0,0,0,0,0,0,0,0,0,0,0,0,0,40,GK
James,Wright,2022-2023,0,0,0,0,0,0,0,0,0,0,0,0,0,0,0,40,GK
Sebastian,Revan,2022-2023,0,0,0,0,0,0,0,0,0,0,0,0,0,0,0,40,DEF
Travis,Patterson,2022-2023,0,0,0,0,0,0,0,0,0,0,0,0,0,0,0,45,MID
Tommi,O'Reilly,2022-2023,0,0,0,0,0,0,0,0,0,0,0,0,0,0,0,45,MID
Adam,Smith,2022-2023,0,1,68,2583,52,202.1,363.4,84,5,352,65,7,0,9,0.2,43,DEF
Junior,Stanislas,2022-2023,0,0,4,58,1,22.9,10,7,0,13,3.9,0,0,0,0,48,MID
Ryan,Fredericks,2022-2023,0,0,12,527,11,26.7,66,12,0,63,10.6,0,0,1,0,44,DEF
David,Brooks,2022-2023,0,0,2,29,3,0.3,5,5,0,5,1,0,0,0,0,53,MID
Jamal,Lowe,2022-2023,0,0,2,11,0,0.3,0.2,0,0,6,0.1,0,0,0,0,52,MID
Kieffer,Moore,2022-2023,4,0,53,1160,34,87.8,206,249,3,157,53.8,3,0,1,0.8,49,FWD
Emiliano,Marcondes,2022-2023,0,0,1,8,1,0,1.2,0,0,3,0.1,0,0,0,0,47,MID
Jefferson,Lerma Solís,2022-2023,3,0,79,2802,59,242.4,491,247,2,398,97.9,7,0,6,0.4,47,MID
Jack,Stacey,2022-2023,0,0,5,292,10,8.6,44,8,0,34,6,0,0,2,0,42,DEF
Dominic,Solanke,2022-2023,5,10,115,2418,44,228,441.6,907,12,301,157,8,0,1,3.6,56,FWD
Lewis,Cook,2022-2023,0,2,47,1565,36,330.7,293.4,44,1,260,67.1,3,0,3,0.1,49,MID
Ben,Pearson,2022-2023,0,0,9,282,10,6.4,21,9,0,32,3.7,1,0,1,0.1,44,MID
Ryan,Christie,2022-2023,1,1,52,1464,28,290.1,207,319,2,176,81.7,3,0,2,0.1,53,MID
Philip,Billing,2022-2023,7,1,116,2474,48,335.1,593.4,373,14,441,130.2,9,0,5,1.3,52,MID
Chris,Mepham,2022-2023,0,0,42,2107,50,52.7,512.6,132,6,356,69.7,5,0,7,0.1,43,DEF
Mark,Travers,2022-2023,0,0,25,945,31,0,253,0,1,173,25.4,2,0,0,0.4,42,GK
Lloyd,Kelly,2022-2023,0,2,52,1590,30,84.5,306.8,22,5,294,41.6,5,0,3,0.5,43,DEF
Siriki,Dembélé,2022-2023,0,0,6,104,2,52.3,31.8,28,0,20,11.3,0,0,0,0.1,47,MID
Jaidon,Anthony,2022-2023,3,0,52,1092,27,192.9,264.8,248,4,165,70.7,2,0,2,0.1,52,MID
Jordan,Zemura,2022-2023,0,1,47,1452,31,232.8,269.4,71,1,235,57.1,5,0,1,0.1,43,DEF
Will,Dennis,2022-2023,0,0,0,0,0,0,0,0,0,0,0,0,0,0,0.4,39,GK
Jack,Stephens,2022-2023,0,0,35,1218,24,57.3,270,51,1,233,38,4,0,3,0.1,43,DEF
Joe,Rothwell,2022-2023,0,1,28,800,11,137.9,95,18,0,139,25,3,0,1,0,49,MID
Marcus,Tavernier,2022-2023,5,4,94,1740,37,321,406.4,403,12,315,112.8,5,0,1,0.2,47,MID
James,Hill,2022-2023,0,0,0,0,0,0,0,0,0,0,0,0,0,0,0,44,DEF
Darren,Randolph,2022-2023,0,0,0,0,0,0,0,0,0,0,0,0,0,0,0.1,40,GK
Norberto,Murara Neto,2022-2023,0,0,84,2025,32,0,606.2,0,9,439,60.7,6,0,4,0.6,45,GK
Marcos,Senesi,2022-2023,2,0,64,2129,49,75.9,512.4,106,5,406,69.5,5,0,5,0.2,44,DEF
Christian,Saydee,2022-2023,0,0,0,0,0,0,0,0,0,0,0,0,0,0,0,45,FWD
Owen,Bevan,2022-2023,0,0,1,8,1,0,0.2,0,0,3,0,0,0,0,0,40,DEF
Cameron,Plain,2022-2023,0,0,0,0,0,0,0,0,0,0,0,0,0,0,0,40,GK
Daniel,Adu-Adjei,2022-2023,0,0,0,0,0,0,0,0,0,0,0,0,0,0,0,45,FWD
Michael,Dacosta Gonzalez,2022-2023,0,0,0,0,0,0,0,0,0,0,0,0,0,0,0,44,MID
Dominic,Sadi,2022-2023,0,0,0,0,0,0,0,0,0,0,0,0,0,0,0,45,FWD
Dango,Ouattara,2022-2023,1,3,40,873,16,196.3,211.6,225,4,130,63.2,1,0,1,0,50,MID
Euan,Pollock,2022-2023,0,0,0,0,0,0,0,0,0,0,0,0,0,0,0,45,FWD
Antoine,Semenyo,2022-2023,0,0,11,237,5,14.7,15.6,15,0,26,4.4,0,0,0,0,50,FWD
Matías,Viña,2022-2023,1,0,17,184,3,13.6,62.4,21,0,61,9.7,1,0,1,0,45,DEF
Illia,Zabarnyi,2022-2023,0,0,2,27,1,0,0.2,0,0,9,0,0,0,0,0,45,DEF
Hamed,Traorè,2022-2023,0,0,14,425,8,218.5,84,36,0,60,33.8,2,0,0,0,45,MID
Ben,Greenwood,2022-2023,0,0,0,0,0,0,0,0,0,0,0,0,0,0,0,40,DEF
Max,Kinsey-Wellings,2022-2023,0,0,0,0,0,0,0,0,0,0,0,0,0,0,0,40,DEF
Pontus,Jansson,2022-2023,1,0,29,722,14,2.5,176.2,53,0,147,23.4,2,0,0,0.3,42,DEF
Christian,Nørgaard,2022-2023,1,6,71,1763,23,173.7,379.2,269,6,309,82.3,6,0,6,0.2,53,MID
Ivan,Toney,2022-2023,19,4,173,2773,40,397.2,886.4,1226,34,575,250.5,10,0,9,32.2,76,FWD
David,Raya Martin,2022-2023,0,0,144,2970,43,20.1,999.2,4,20,720,102.6,10,0,1,16.1,49,GK
Sergi,Canós Tenés,2022-2023,0,0,5,73,2,13.5,7,6,0,14,2.8,0,0,0,0.1,50,DEF
Josh,Dasilva,2022-2023,3,2,68,1289,17,190.2,262,159,0,231,61.1,5,0,1,3.5,41,MID
Kristoffer,Ajer,2022-2023,0,0,29,763,14,24.7,96.8,27,0,129,15.1,4,0,0,0.1,45,DEF
Rico,Henry,2022-2023,0,3,97,2840,43,346.8,410,186,3,430,94.4,9,0,1,3.3,45,DEF
Vitaly,Janelt,2022-2023,3,1,74,1780,25,207.3,375,219,5,302,80.3,6,0,2,0.1,55,MID
Saman,Ghoddos,2022-2023,0,0,12,106,5,40.6,24,17,0,44,8.1,0,0,0,0,48,MID
Mathias,Jensen,2022-2023,5,6,120,2514,37,700.5,595.2,206,11,442,150.2,9,0,5,2.3,48,MID
Yoane,Wissa,2022-2023,5,3,87,1303,16,146,271.4,289,4,223,69.9,5,0,2,0.2,53,MID
Mads,Roerslev Rasmussen,2022-2023,0,0,45,1094,12,106.3,156.4,44,0,187,30.6,5,0,0,0.1,43,DEF
Mads,Bech Sørensen,2022-2023,0,0,4,18,0,0.2,2.6,0,0,12,0.2,0,0,0,0,45,DEF
Ethan,Pinnock,2022-2023,2,0,84,2250,31,101.3,681.2,252,2,459,103.6,8,0,0,1.1,44,DEF
Frank,Onyeka,2022-2023,0,1,24,602,9,63.3,86.8,82,0,67,23.3,2,0,0,0,48,MID
Shandon,Baptiste,2022-2023,0,2,24,533,6,131.9,96.8,52,0,107,28.1,1,1,1,0.2,45,MID
Bryan,Mbeumo,2022-2023,6,7,117,2457,36,679.6,506.2,689,13,422,187.3,8,0,4,3.4,57,FWD
Charlie,Goode,2022-2023,0,0,0,0,0,0,0,0,0,0,0,0,0,0,0.4,39,DEF
Marcus,Forss,2022-2023,0,0,0,0,0,0,0,0,0,0,0,0,0,0,0,45,FWD
Dominic,Thompson,2022-2023,0,0,0,0,0,0,0,0,0,0,0,0,0,0,0,40,DEF
Mads,Bidstrup,2022-2023,0,0,0,0,0,0,0,0,0,0,0,0,0,0,0,45,MID
Ellery,Balcombe,2022-2023,0,0,0,0,0,0,0,0,0,0,0,0,0,0,0,40,GK
Aaron,Hickey,2022-2023,0,2,43,1500,27,61.6,181.8,90,2,225,33.4,3,0,6,0.3,49,DEF
Keane,Lewis-Potter,2022-2023,0,1,14,313,4,64,42,114,0,37,21.9,0,0,0,0,52,MID
Thomas,Strakosha,2022-2023,0,0,0,0,0,0,0,0,0,0,0,0,0,0,0.1,43,GK
Ben,Mee,2022-2023,3,1,120,2819,37,67.7,645.2,222,9,539,93.7,10,0,2,17.4,51,DEF
Fin,Stevens,2022-2023,0,0,0,0,0,0,0,0,0,0,0,0,0,0,0.1,40,DEF
Halil,Dervişoğlu,2022-2023,0,1,4,6,0,0,0,10,0,11,1,0,0,0,0.5,45,FWD
Mikkel,Damsgaard,2022-2023,0,0,25,713,13,155.2,108.8,79,0,116,34.2,1,0,3,0.1,50,MID
Mathias,Jorgensen,2022-2023,0,1,36,905,14,17.9,177,43,3,154,24.1,3,0,1,0.8,39,DEF
Ryan,Trevitt,2022-2023,0,0,0,0,0,0,0,0,0,0,0,0,0,0,0,44,MID
Matthew,Cox,2022-2023,0,0,0,0,0,0,0,0,0,0,0,0,0,0,0,39,GK
Tristan,Crama,2022-2023,0,0,0,0,0,0,0,0,0,0,0,0,0,0,0,40,DEF
Yegor,Yarmolyuk,2022-2023,0,0,0,0,0,0,0,0,0,0,0,0,0,0,0,45,MID
Kevin,Schade,2022-2023,0,1,20,447,5,73.6,50.8,123,0,50,24.7,2,0,2,0,49,MID
Michael,Olakigbe,2022-2023,0,0,0,0,0,0,0,0,0,0,0,0,0,0,0,45,MID
Adam,Lallana,2022-2023,2,1,47,717,10,186.7,144.2,152,4,146,48.5,5,0,0,0.1,48,MID
Jason,Steele,2022-2023,0,1,38,630,10,13,182.2,0,6,172,19.5,3,0,1,3.5,39,GK
Danny,Welbeck,2022-2023,4,4,68,1486,22,276.9,267.2,642,2,212,118.9,5,0,0,1.1,65,FWD
Pascal,Groß,2022-2023,6,6,121,2632,40,1012.7,692.4,462,10,559,217,9,0,4,8.8,54,MID
Lewis,Dunk,2022-2023,1,1,94,2700,40,138.8,552,194,7,518,88.5,9,0,2,7,48,DEF
Solly,March,2022-2023,6,10,144,2605,39,889.6,761.2,914,16,538,256.6,10,0,2,13.3,53,MID
Adam,Webster,2022-2023,0,0,63,1694,22,77.2,297.2,97,3,332,47.1,7,0,1,0.5,45,DEF
Joël,Veltman,2022-2023,1,1,89,1986,26,176.7,390.6,145,6,424,71.6,9,0,3,3.2,46,DEF
Robert,Sánchez,2022-2023,0,0,82,2070,30,0.1,439,0,10,380,43.9,6,0,2,8.7,45,GK
Tariq,Lamptey,2022-2023,0,0,23,439,7,87.2,70.6,48,0,91,20.6,1,0,1,0.9,42,DEF
Steven,Alzate,2022-2023,0,0,0,0,0,0,0,0,0,0,0,0,0,0,0.1,44,MID
Alexis,Mac Allister,2022-2023,8,1,109,2335,35,526.7,584.2,597,14,446,170.9,8,0,7,7,55,MID
Jakub,Moder,2022-2023,0,0,0,0,0,0,0,0,0,0,0,0,0,0,0,44,MID
Enock,Mwepu,2022-2023,0,1,11,209,4,39,48.8,34,0,29,12.2,0,0,0,0,53,MID
Jeremy,Sarmiento Morante,2022-2023,0,2,16,168,2,38.2,46.6,50,0,40,12.9,1,0,1,0,45,MID
Moisés,Caicedo Corozo,2022-2023,1,1,65,2528,36,541.1,489,175,0,414,120.6,8,0,8,0.3,50,MID
Taylor,Richards,2022-2023,0,0,0,0,0,0,0,0,0,0,0,0,0,0,0,45,MID
Haydon,Roberts,2022-2023,0,0,0,0,0,0,0,0,0,0,0,0,0,0,0,40,DEF
Deniz,Undav,2022-2023,0,1,18,264,2,84.8,24,208,0,32,31.5,1,0,0,0.2,50,FWD
Kaoru,Mitoma,2022-2023,7,7,116,1714,24,416.1,499.6,628,11,400,154.2,6,0,0,27.4,56,MID
Julio,Enciso,2022-2023,2,1,29,320,5,71.7,121.2,232,5,87,42.3,1,0,1,0.9,46,FWD
Kacper,Kozłowski,2022-2023,0,0,0,0,0,0,0,0,0,0,0,0,0,0,0,45,MID
Billy,Gilmour,2022-2023,0,0,7,160,4,19.9,14,11,0,27,4.5,0,0,1,0.3,42,MID
Kjell,Scherpen,2022-2023,0,0,0,0,0,0,0,0,0,0,0,0,0,0,0,40,GK
Matt,Clarke,2022-2023,0,0,0,0,0,0,0,0,0,0,0,0,0,0,0.1,40,DEF
Jan Paul,van Hecke,2022-2023,0,0,4,85,2,3.7,15.8,10,0,20,3,0,0,0,0.3,40,DEF
Levi,Colwill,2022-2023,0,0,26,800,15,44.1,123,21,3,151,19,2,0,0,0.1,44,DEF
Pervis,Estupiñán,2022-2023,0,5,90,1999,32,537.1,409.4,212,11,428,115.4,7,0,3,13.2,48,DEF
Evan,Ferguson,2022-2023,4,2,45,595,5,81.2,203.2,230,5,152,51.6,5,0,1,1.4,46,FWD
Ed,Turns,2022-2023,0,0,0,0,0,0,0,0,0,0,0,0,0,0,0,40,DEF
Andrew,Moran,2022-2023,0,0,1,11,1,0,0,0,0,3,0,0,0,0,0,45,MID
James,Furlong,2022-2023,0,0,0,0,0,0,0,0,0,0,0,0,0,0,0,40,DEF
Jack,Hinshelwood,2022-2023,0,0,0,0,0,0,0,0,0,0,0,0,0,0,0,45,MID
Facundo,Buonanotte,2022-2023,1,1,16,140,3,57.3,62,33,2,52,15,0,0,0,0,45,MID
Yasin,Ayari,2022-2023,0,0,1,10,0,14,3.4,1,0,5,1.8,0,0,0,0,45,MID
Odeluga,Offiah,2022-2023,0,0,1,2,1,0.3,0.2,0,0,3,0.1,0,0,0,0,40,DEF
Tom,McGill,2022-2023,0,0,0,0,0,0,0,0,0,0,0,0,0,0,0,40,GK
Carney,Chukwuemeka,2022-2023,0,0,14,222,3,52.2,46.8,66,0,47,16.5,1,0,0,0.3,42,MID
Marc,Cucurella Saseta,2022-2023,0,2,65,1669,20,232.5,354.4,72,1,363,65.9,6,0,4,5.5,49,DEF
César,Azpilicueta,2022-2023,0,0,39,1146,12,172.7,216.8,86,4,200,47.5,3,0,3,1.1,47,DEF
Thiago,Emiliano da Silva,2022-2023,0,2,73,1901,24,69,555.6,130,8,441,75.4,6,0,1,5.4,54,DEF
Marcos,Alonso,2022-2023,0,0,0,0,0,0,0,0,0,0,0,0,0,0,0.7,53,DEF
Ross,Barkley,2022-2023,0,0,0,0,0,0,0,0,0,0,0,0,0,0,0,49,MID
Mateo,Kovacic,2022-2023,1,1,47,1544,21,331,263.4,112,2,257,70.9,4,0,7,0.3,49,MID
Kepa,Arrizabalaga,2022-2023,0,0,106,2115,23,0.1,583.2,0,15,486,58.3,9,0,1,7.6,46,GK
N'Golo,Kanté,2022-2023,0,0,11,365,3,144.9,78,51,0,80,27.4,2,0,0,1.1,48,MID
Hakim,Ziyech,2022-2023,0,1,23,599,7,192.6,109.2,93,0,90,38.7,2,0,1,0.4,55,MID
Ruben,Loftus-Cheek,2022-2023,0,0,37,1311,20,204.9,171,169,1,182,54.7,5,0,1,0.1,50,MID
Timo,Werner,2022-2023,0,0,0,0,0,0,0,0,0,0,0,0,0,0,0.2,79,FWD
Robert Kenedy,Nunes do Nascimento,2022-2023,0,0,0,0,0,0,0,0,0,0,0,0,0,0,0.2,39,DEF
Ben,Chilwell,2022-2023,2,3,67,1238,15,363.1,256,151,4,285,76.8,4,0,3,5.8,58,DEF
Christian,Pulisic,2022-2023,1,1,36,772,9,162,116,204,0,96,47.9,3,0,1,0.4,56,MID
Trevoh,Chalobah,2022-2023,0,0,41,1192,15,53.5,202,70,0,240,32.7,5,0,4,0.4,44,DEF
Mason,Mount,2022-2023,3,4,82,1644,21,463.1,331.4,376,8,277,117.2,8,0,4,3.5,72,MID
Malang,Sarr,2022-2023,0,0,0,0,0,0,0,0,0,0,0,0,0,0,0,50,DEF
Callum,Hudson-Odoi,2022-2023,0,0,0,0,0,0,0,0,0,0,0,0,0,0,0,53,MID
Kai,Havertz,2022-2023,7,1,94,2215,26,488.1,455,902,13,285,184.2,9,0,4,3.3,74,FWD
Reece,James,2022-2023,1,2,44,1242,17,358.2,292.2,153,5,286,80.4,2,0,4,11.6,58,DEF
Edouard,Mendy,2022-2023,0,0,23,765,12,0,200.4,0,0,127,20.2,1,0,1,5.8,48,GK
Conor,Gallagher,2022-2023,2,1,49,1191,14,314.2,314.8,246,4,219,87.4,4,1,7,0.5,56,MID
Armando,Broja,2022-2023,1,1,21,285,5,18.2,64.6,113,0,56,19.7,1,0,0,0.3,52,FWD
Ethan,Ampadu,2022-2023,0,0,0,0,0,0,0,0,0,0,0,0,0,0,0,44,DEF
Wesley,Fofana,2022-2023,1,0,33,1052,16,45.6,254.8,86,4,196,39,2,0,4,1,43,DEF
Raheem,Sterling,2022-2023,4,2,73,1541,20,424.9,277,499,6,183,119.7,5,0,4,3.3,97,MID
Kalidou,Koulibaly,2022-2023,2,1,73,1789,22,104.1,486.8,141,8,400,73.4,6,1,5,5.7,55,DEF
Harvey,Vale,2022-2023,0,0,0,0,0,0,0,0,0,0,0,0,0,0,0,45,MID
Denis,Zakaria,2022-2023,0,0,13,409,5,22.6,44.6,24,0,47,9.2,2,0,0,0,49,MID
Pierre-Emerick,Aubameyang,2022-2023,1,0,24,501,5,59.3,55,175,3,59,28.5,1,0,1,0.7,84,FWD
Marcus,Bettinelli,2022-2023,0,0,0,0,0,0,0,0,0,0,0,0,0,0,0,40,GK
Omari,Hutchinson,2022-2023,0,0,1,22,0,1.8,1,4,0,2,0.7,0,0,0,0,42,MID
Lewis,Hall,2022-2023,0,0,8,303,3,59.2,49.4,56,0,29,16.5,1,0,1,0,43,MID
Bashir,Humphreys,2022-2023,0,0,0,0,0,0,0,0,0,0,0,0,0,0,0,45,DEF
David Datro,Fofana,2022-2023,0,0,2,60,1,24.1,10.8,26,0,5,6.1,0,0,0,0.1,50,FWD
Benoît,Badiashile,2022-2023,0,0,32,724,6,43.6,154.8,58,2,169,25.8,4,0,1,0.4,50,DEF
João,Félix Sequeira,2022-2023,2,0,30,801,12,121.3,135.6,231,5,84,48.2,2,1,0,1.6,73,FWD
Mykhailo,Mudryk,2022-2023,0,2,20,485,7,74.2,73.8,101,0,53,24.5,0,0,0,0.9,65,MID
Andrey,Nascimento dos Santos,2022-2023,0,0,0,0,0,0,0,0,0,0,0,0,0,0,0,45,MID
Noni,Madueke,2022-2023,0,0,8,225,2,81.9,45.4,64,0,35,19.1,0,0,0,0,54,MID
Enzo,Fernández,2022-2023,0,2,32,1027,13,213.6,238.2,58,1,185,51.1,3,0,1,0.9,50,MID
Albert,Sambi Lokonga,2022-2023,0,0,23,728,8,57.2,98.4,20,0,129,17.6,2,0,2,0.2,43,MID
Vicente,Guaita,2022-2023,0,0,99,2430,34,0,668.4,0,10,484,66.8,6,0,1,1.5,44,GK
James,Tomkins,2022-2023,1,0,8,335,10,1.1,90,54,1,50,14.6,0,1,1,0.9,39,DEF
James,McArthur,2022-2023,0,0,2,19,0,1.1,5,0,0,6,0.7,0,0,0,0,48,MID
Christian,Benteke,2022-2023,0,0,0,0,0,0,0,0,0,0,0,0,0,0,0.1,55,FWD
Joel,Ward,2022-2023,0,0,60,1803,28,117,325,51,4,312,49.5,7,0,5,0.3,44,DEF
Nathaniel,Clyne,2022-2023,0,0,44,1638,23,124.9,203.6,8,0,246,33.6,3,0,3,0.1,45,DEF
Luka,Milivojevic,2022-2023,0,0,22,499,7,43.6,69.2,17,0,77,12.7,2,0,2,0.3,42,MID
Jordan,Ayew,2022-2023,3,2,87,2265,34,393.9,407.8,373,4,277,117.6,7,0,3,0.4,52,MID
Wilfried,Zaha,2022-2023,6,2,86,2066,30,335.8,420.8,757,6,180,151.1,5,0,4,6.8,72,MID
Jeffrey,Schlupp,2022-2023,2,2,80,2365,34,246.8,354.8,280,1,296,88.4,9,0,6,0.1,47,MID
Will,Hughes,2022-2023,0,1,25,551,8,83.8,111.6,46,0,94,23.8,0,0,4,0,48,MID
Jairo,Riedewald,2022-2023,0,0,4,46,0,2,9.8,0,0,14,1.2,0,0,0,0,42,MID
Joachim,Andersen,2022-2023,1,0,69,2332,30,129.7,561.8,245,1,408,93.9,7,0,7,1.5,45,DEF
Odsonne,Edouard,2022-2023,4,2,69,1592,22,209.4,309,500,3,187,101.2,5,0,3,2,50,FWD
Marc,Guéhi,2022-2023,1,0,83,2880,39,100.6,619,184,2,530,90.7,8,0,8,2.4,45,DEF
Jean-Philippe,Mateta,2022-2023,2,0,39,715,10,66.8,115.6,236,3,94,40.5,3,0,3,0.4,51,FWD
Eberechi,Eze,2022-2023,7,4,125,2181,28,679.5,542,490,16,457,171,8,0,3,6.4,56,MID
Tyrick,Mitchell,2022-2023,0,2,79,2439,33,214.7,410.6,123,5,401,75.2,7,1,5,0.9,44,DEF
Michael,Olise,2022-2023,2,8,111,2294,31,865.7,526.8,375,14,429,177.1,7,0,2,2.4,55,MID
Jesurun,Rak-Sakyi,2022-2023,0,0,0,0,0,0,0,0,0,0,0,0,0,0,0,45,MID
Malcolm,Ebiowei,2022-2023,0,0,3,31,1,0.9,3.4,4,0,9,0.9,0,0,0,0.2,42,MID
Nathan,Ferguson,2022-2023,0,0,0,0,0,0,0,0,0,0,0,0,0,0,0.2,39,DEF
Sam,Johnstone,2022-2023,0,0,23,360,3,0,111.8,0,5,92,11.2,2,0,1,1.1,44,GK
Remi,Matthews,2022-2023,0,0,0,0,0,0,0,0,0,0,0,0,0,0,0,40,GK
Luke,Plange,2022-2023,0,0,0,0,0,0,0,0,0,0,0,0,0,0,0.2,45,FWD
Cheick,Doucouré,2022-2023,0,3,63,2353,34,305.1,421.6,137,3,339,86.5,6,1,8,0.1,50,MID
Chris,Richards,2022-2023,0,0,13,443,11,15.3,92.4,26,0,83,13.2,1,0,0,0.1,44,DEF
Joseph,Whitworth,2022-2023,0,0,3,180,5,0,41.8,0,0,28,4.2,0,0,0,0.1,40,GK
Kaden,Rodney,2022-2023,0,0,0,0,0,0,0,0,0,0,0,0,0,0,0,45,MID
Killian,Phillips,2022-2023,0,0,0,0,0,0,0,0,0,0,0,0,0,0,0,45,MID
John-Kymani,Gordon,2022-2023,0,0,0,0,0,0,0,0,0,0,0,0,0,0,0.1,45,FWD
Kofi,Balmer,2022-2023,0,0,0,0,0,0,0,0,0,0,0,0,0,0,0.1,40,DEF
Owen,Goodman,2022-2023,0,0,0,0,0,0,0,0,0,0,0,0,0,0,0,40,GK
Jack,Wells-Morrison,2022-2023,0,0,0,0,0,0,0,0,0,0,0,0,0,0,0,45,MID
David,Ozoh,2022-2023,0,0,1,1,0,0.8,0,0,0,3,0.1,0,0,0,0,45,MID
Naouirou,Ahamada,2022-2023,0,0,6,86,2,13.2,7.4,14,0,18,3,0,0,1,0,45,MID
Neal,Maupay,2022-2023,1,0,38,1048,18,105.8,85.8,415,3,80,60.6,3,0,4,0.5,56,FWD
Asmir,Begović,2022-2023,0,0,9,90,0,0,36,0,2,30,3.6,1,0,0,0.8,39,GK
Salomón,Rondón,2022-2023,0,0,7,103,2,26.1,7.4,41,0,12,7.3,0,0,0,0.3,49,FWD
Seamus,Coleman,2022-2023,1,0,63,1609,23,92.9,291.8,91,5,306,47.8,5,0,1,0.4,42,DEF
Andros,Townsend,2022-2023,0,0,0,0,0,0,0,0,0,0,0,0,0,0,0,54,MID
Michael,Keane,2022-2023,1,1,31,832,19,14.6,182.6,98,3,150,29.5,2,0,0,0.5,42,DEF
Dele,Alli,2022-2023,0,0,2,38,1,2.2,0.6,6,0,5,0.9,0,0,0,0.1,53,MID
Jordan,Pickford,2022-2023,0,1,102,2880,50,23,845,0,7,576,86.7,7,0,5,5.7,44,GK
Allan,Marques Loureiro,2022-2023,0,0,0,0,0,0,0,0,0,0,0,0,0,0,0.1,48,MID
André,Tavares Gomes,2022-2023,0,0,0,0,0,0,0,0,0,0,0,0,0,0,0,45,MID
Abdoulaye,Doucouré,2022-2023,2,2,46,1077,20,174,190.2,155,5,159,51.5,3,1,5,0.1,53,MID
Alex,Iwobi,2022-2023,1,7,104,2929,49,804.7,563.4,283,6,470,165.3,8,0,2,0.9,49,MID
Jean-Philippe,Gbamin,2022-2023,0,0,0,0,0,0,0,0,0,0,0,0,0,0,0,45,MID
Yerry,Mina,2022-2023,1,0,13,234,4,4.3,82.8,38,3,41,12.6,0,0,1,0.1,43,DEF
Demarai,Gray,2022-2023,4,1,86,2356,39,571.3,389.8,654,4,273,161.5,6,0,3,0.6,52,MID
Tom,Davies,2022-2023,0,0,19,524,9,46.2,50.4,98,0,55,19.3,1,0,3,0,49,MID
Dominic,Calvert-Lewin,2022-2023,1,0,28,900,16,65.2,59.2,253,2,46,37,4,0,2,0.3,79,FWD
Mason,Holgate,2022-2023,0,0,15,443,6,61.5,88,48,2,80,19.7,2,1,1,0.1,42,DEF
Ben,Godfrey,2022-2023,0,1,18,801,18,41.2,132.4,46,0,101,22,1,0,2,0.1,43,DEF
Vitalii,Mykolenko,2022-2023,0,1,72,2473,43,294.1,459.2,116,4,422,87.2,7,0,4,0.7,41,DEF
Jarrad,Branthwaite,2022-2023,0,0,0,0,0,0,0,0,0,0,0,0,0,0,0,40,DEF
Nathan,Patterson,2022-2023,0,0,26,1021,18,88.6,185,104,0,139,38,2,0,3,2.3,39,DEF
Niels,Nkounkou,2022-2023,0,0,0,0,0,0,0,0,0,0,0,0,0,0,0.2,40,DEF
James,Tarkowski,2022-2023,1,1,92,2970,50,172.2,891.6,366,11,557,143.2,8,0,6,3.9,42,DEF
Conor,Coady,2022-2023,1,1,70,1970,28,59.4,389.4,88,5,370,53.7,6,0,2,3.2,47,DEF
Rúben,Nascimento Vinagre,2022-2023,0,0,2,24,0,1.4,7.6,0,0,9,0.9,0,0,0,0,43,DEF
Dwight,McNeil,2022-2023,5,3,96,2040,39,572.1,477.4,314,11,380,136.7,4,0,5,0.2,51,MID
Stanley,Mills,2022-2023,0,0,0,0,0,0,0,0,0,0,0,0,0,0,0,43,MID
Lewis,Warrington,2022-2023,0,0,0,0,0,0,0,0,0,0,0,0,0,0,0.1,44,MID
James,Garner,2022-2023,0,1,16,361,6,35.6,55,45,0,63,13.8,1,0,1,0,45,MID
Amadou,Onana,2022-2023,1,2,68,2278,36,251.3,293,271,2,271,81.2,8,0,8,0.1,47,MID
Reece,Welch,2022-2023,0,0,0,0,0,0,0,0,0,0,0,0,0,0,0.1,40,DEF
Idrissa,Gueye,2022-2023,0,1,58,2175,38,153.3,361,46,1,310,55.8,7,0,5,0.1,48,MID
Eldin,Jakupovic,2022-2023,0,0,0,0,0,0,0,0,0,0,0,0,0,0,0,40,GK
Kyle,John,2022-2023,0,0,0,0,0,0,0,0,0,0,0,0,0,0,0,39,DEF
Thomas,Cannon,2022-2023,0,0,2,23,1,11.6,5,21,0,7,3.8,0,0,0,0,45,FWD
Isaac,Price,2022-2023,0,0,0,32,0,15.6,9.6,0,0,3,2.5,0,0,1,0,45,MID
Ellis,Simms,2022-2023,1,0,16,216,4,39.2,40.8,54,0,56,13,0,0,0,0.1,45,FWD
Ishé,Samuels-Smith,2022-2023,0,0,0,0,0,0,0,0,0,0,0,0,0,0,0,40,DEF
Andy,Lonergan,2022-2023,0,0,0,0,0,0,0,0,0,0,0,0,0,0,0,40,GK
Cédric,Alves Soares,2022-2023,0,0,8,133,2,36,34.2,8,0,39,7.9,0,0,0,0.1,42,DEF
Bernd,Leno,2022-2023,0,0,115,2700,41,10,949.8,0,14,625,96.1,7,0,3,3.6,46,GK
Shane,Duffy,2022-2023,0,0,4,4,2,0,0.2,0,0,12,0,0,0,0,0.1,43,DEF
Tom,Cairney,2022-2023,0,1,29,558,7,182.6,96.8,146,0,123,42.7,0,0,2,0,47,MID
Tim,Ream,2022-2023,1,0,97,2877,43,65.1,604.2,76,12,562,74.8,8,0,2,2.5,46,DEF
Anthony,Knockaert,2022-2023,0,0,0,0,0,0,0,0,0,0,0,0,0,0,0,47,MID
Nathaniel,Chalobah,2022-2023,0,0,1,11,4,0.6,4.6,17,0,2,2.3,0,1,0,0.1,44,MID
Neeskens,Kebano,2022-2023,0,4,37,719,9,153.2,105.2,106,0,107,36.8,3,0,0,0,54,MID
Bobby,De Cordova-Reid,2022-2023,4,1,84,2340,36,314.1,360.6,491,3,277,116.5,8,0,8,0.1,54,MID
Joe,Bryan,2022-2023,0,0,0,0,0,0,0,0,0,0,0,0,0,0,0,44,DEF
Paulo,Gazzaniga Farias,2022-2023,0,0,0,0,0,0,0,0,0,0,0,0,0,0,1.2,40,GK
Terence,Kongolo,2022-2023,0,0,0,0,0,0,0,0,0,0,0,0,0,0,0.2,39,DEF
Tosin,Adarabioyo,2022-2023,1,0,38,1544,29,62.6,401.4,104,1,266,56.9,2,0,3,0.1,44,DEF
Aleksandar,Mitrović,2022-2023,11,2,90,1816,26,211.8,486.6,1078,11,267,176.5,7,0,6,12,66,FWD
Harrison,Reed,2022-2023,3,2,90,2494,39,438.1,396.8,222,9,350,105.7,8,0,5,0.7,43,MID
Harry,Wilson,2022-2023,2,1,43,638,7,76.4,132.8,132,2,132,34,1,0,1,0.1,57,MID
Marek,Rodák,2022-2023,0,0,7,180,2,0,19,0,0,33,1.9,1,0,0,0.2,43,GK
Ivan,Neves Abreu Cavaleiro,2022-2023,0,0,0,0,0,0,0,0,0,0,0,0,0,0,0,48,MID
Kenny,Tete,2022-2023,0,4,71,2119,27,348.5,535.6,89,0,392,97.5,6,0,7,0.5,44,DEF
Josh,Onomah,2022-2023,0,0,2,14,2,0.6,2,0,0,4,0.3,0,0,0,0.1,43,MID
Antonee,Robinson,2022-2023,0,1,79,2548,34,371.8,476.2,55,5,450,90.5,8,0,7,0.5,44,DEF
Rodrigo,Muniz Carvalho,2022-2023,0,0,0,0,0,0,0,0,0,0,0,0,0,0,0,54,FWD
Jay,Stansfield,2022-2023,0,1,7,85,2,12.8,8.4,46,0,22,6.7,0,0,0,0.7,45,FWD
João,Palhinha Gonçalves,2022-2023,3,0,72,2582,33,120.1,489.8,293,5,313,90.6,8,0,12,0.3,49,MID
Daniel,James,2022-2023,2,1,42,768,18,106.1,140.6,218,2,140,46.2,1,0,0,0.2,59,MID
Andreas,Hoelgebaum Pereira,2022-2023,4,10,122,2639,38,955.5,440.6,495,9,358,188.4,8,0,8,14.2,44,MID
Issa,Diop,2022-2023,1,0,63,1504,19,24.2,345,78,6,316,44.7,6,0,2,0.3,43,DEF
Tyrese,Francois,2022-2023,0,0,1,1,0,0.3,1,0,0,3,0.1,0,0,0,0,44,MID
Kevin,Mbabu,2022-2023,0,1,7,141,7,37.7,39.8,0,0,39,7.8,0,0,1,0.1,43,DEF
Luke,Harris,2022-2023,0,0,3,10,1,1.6,0.6,0,0,7,0.2,0,0,0,0,43,MID
Manor,Solomon,2022-2023,4,0,38,481,9,79.8,205.6,98,1,135,38.3,0,0,0,0.2,49,MID
Terry,Ablade,2022-2023,0,0,0,0,0,0,0,0,0,0,0,0,0,0,0.1,45,FWD
Layvin,Kurzawa,2022-2023,0,0,2,136,4,4.5,20.2,0,0,13,2.5,0,0,1,0,43,DEF
Willian,Borges da Silva,2022-2023,3,5,85,1710,15,491.7,306.4,377,7,313,117.5,8,0,2,0.3,55,MID
Carlos Vinícius,Alves Morais,2022-2023,2,1,43,766,14,92.6,111.6,260,5,111,45.9,0,0,3,0.2,54,FWD
Stefan,Parkes,2022-2023,0,0,0,0,0,0,0,0,0,0,0,0,0,0,0,40,DEF
Martial,Godo,2022-2023,0,0,0,0,0,0,0,0,0,0,0,0,0,0,0,45,MID
Kristian,Sekularac,2022-2023,0,0,0,0,0,0,0,0,0,0,0,0,0,0,0,45,MID
Sasa,Lukic,2022-2023,0,0,8,231,5,11.4,21.4,16,0,35,4.8,0,0,1,0,45,MID
George,Wickens,2022-2023,0,0,0,0,0,0,0,0,0,0,0,0,0,0,0,40,GK
Charlie,Robinson,2022-2023,0,0,0,0,0,0,0,0,0,0,0,0,0,0,0,40,DEF
Kasper,Schmeichel,2022-2023,0,0,0,0,0,0,0,0,0,0,0,0,0,0,0.1,50,GK
Jonny,Evans,2022-2023,0,0,12,811,24,20.3,179,35,0,147,23.4,1,0,0,0.1,44,DEF
Ryan,Bertrand,2022-2023,0,0,0,0,0,0,0,0,0,0,0,0,0,0,0,39,DEF
Marc,Albrighton,2022-2023,1,0,13,232,3,95.2,76.8,43,0,57,21.4,0,0,0,0.1,47,MID
Nampalys,Mendy,2022-2023,1,0,28,726,12,41.9,115.2,20,1,136,17.8,0,0,1,0.4,43,MID
Jannik,Vestergaard,2022-2023,0,0,0,0,0,0,0,0,0,0,0,0,0,0,5.1,38,DEF
Danny,Ward,2022-2023,0,0,91,2340,46,0,631.4,0,12,485,63,6,0,0,20.4,39,GK
Jamie,Vardy,2022-2023,2,5,71,1511,27,160.7,219.4,317,4,175,69,3,0,1,2,91,FWD
Ricardo,Barbosa Pereira,2022-2023,1,1,19,384,9,89.6,134.4,25,2,94,24.9,0,0,1,0.1,42,DEF
Daniel,Amartey,2022-2023,0,0,51,1608,27,79.8,358.4,50,4,328,48.9,5,0,1,0.7,40,DEF
Timothy,Castagne,2022-2023,2,4,104,2805,52,358.2,624.4,262,11,549,124.8,7,0,3,6.1,43,DEF
Youri,Tielemans,2022-2023,3,2,72,1922,39,404.9,445,173,5,378,102.4,5,0,4,1.1,61,MID
Ayoze,Pérez,2022-2023,0,2,19,378,5,151,65.2,92,0,69,30.9,1,0,0,0.1,47,MID
James,Maddison,2022-2023,9,7,119,2074,43,836.9,656.4,648,9,459,214.5,4,0,8,5.5,80,MID
Kelechi,Iheanacho,2022-2023,5,4,76,991,23,227.6,306.6,437,9,214,95.7,0,0,0,1.1,59,FWD
Hamza,Choudhury,2022-2023,0,0,0,0,0,0,0,0,0,0,0,0,0,0,0,45,MID
Harvey,Barnes,2022-2023,10,2,115,2355,41,261.3,483.4,810,0,299,155.4,6,0,2,1.4,67,MID
Wilfred,Ndidi,2022-2023,0,0,33,1434,34,67.2,255.2,43,0,214,36.2,0,0,4,0.2,48,MID
Kiernan,Dewsbury-Hall,2022-2023,2,3,78,2221,41,526.8,445.6,233,5,335,120.8,6,1,3,0.5,49,MID
Çaglar,Söyüncü,2022-2023,0,0,6,348,6,12.1,83.2,36,0,51,13.1,0,0,2,0.2,42,DEF
James,Justin,2022-2023,0,2,45,1252,25,138.8,208.4,40,2,263,38.7,5,0,0,0.4,41,DEF
Boubakary,Soumaré,2022-2023,0,0,32,1189,19,116.1,195,1,0,196,31.4,5,0,7,0.3,44,MID
Luke,Thomas,2022-2023,0,1,19,764,16,69.3,119.2,10,0,143,19.8,1,0,1,0.1,39,DEF
Patson,Daka,2022-2023,4,3,63,1070,23,197.5,267.8,428,3,209,88.6,5,0,2,0.8,56,FWD
Lewis,Brunt,2022-2023,0,0,1,22,1,1,2.2,0,0,4,0.3,0,0,0,0.3,39,DEF
Daniel,Iversen,2022-2023,0,0,14,630,11,0,160,0,0,99,16,0,0,0,4.9,38,GK
Dennis,Praet,2022-2023,1,1,32,588,7,65.3,94.8,64,0,111,22.4,2,0,1,0,48,MID
Alex,Smithies,2022-2023,0,0,0,0,0,0,0,0,0,0,0,0,0,0,0.1,39,GK
Wout,Faes,2022-2023,0,1,57,2336,40,104.2,565,87,3,437,75.6,6,1,4,0.2,42,DEF
Sammy,Braybrooke,2022-2023,0,0,0,0,0,0,0,0,0,0,0,0,0,0,0,45,MID
Joe,Wormleighton,2022-2023,0,0,0,0,0,0,0,0,0,0,0,0,0,0,0,40,DEF
Kasey,McAteer,2022-2023,0,0,0,0,0,0,0,0,0,0,0,0,0,0,0,45,MID
Victor,Kristiansen,2022-2023,0,1,16,814,16,104.7,163.8,14,0,103,28.4,0,0,1,0,45,DEF
Mateus,Cardoso Lemos Martins,2022-2023,1,0,25,658,12,94.2,82.2,99,1,86,27.2,0,0,0,0.1,51,MID
Harry,Souttar,2022-2023,0,1,13,900,19,38.6,219.2,65,0,125,32.3,0,0,2,0,45,DEF
Wanya,Marçal-Madivadua,2022-2023,0,0,0,0,0,0,0,0,0,0,0,0,0,0,0,45,MID
Liam,Cooper,2022-2023,1,0,32,1302,26,64.4,295.4,145,1,221,50.2,2,0,4,0.1,44,DEF
Luke,Ayling,2022-2023,1,1,48,1598,33,163.6,351.8,215,2,257,73.2,3,0,3,0.3,45,DEF
Mateusz,Klich,2022-2023,0,0,12,266,5,69.3,39.6,50,0,43,15.2,0,0,2,0,46,MID
Adam,Forshaw,2022-2023,0,0,8,179,4,27.7,21,0,0,31,4.9,0,0,0,0,44,MID
Rodrigo,Moreno,2022-2023,11,1,108,1610,33,224.9,490.4,785,6,305,149.3,5,0,4,4,63,MID
Stuart,Dallas,2022-2023,0,0,0,0,0,0,0,0,0,0,0,0,0,0,0,49,DEF
Patrick,Bamford,2022-2023,3,4,59,1238,23,146.7,215.2,486,3,131,83.8,1,0,2,0.5,71,FWD
Diego,Llorente,2022-2023,0,0,16,648,12,5.8,99,40,2,115,14.6,1,0,1,0.2,44,DEF
Tyler,Roberts,2022-2023,0,0,0,0,0,0,0,0,0,0,0,0,0,0,0,50,MID
Robin,Koch,2022-2023,0,0,54,2815,61,48.7,534.2,136,2,412,71.9,5,0,6,0.2,45,DEF
Raphael,Dias Belloli,2022-2023,0,0,0,0,0,0,0,0,0,0,0,0,0,0,0.1,70,MID
Jack,Harrison,2022-2023,4,8,118,2342,44,729.6,525.4,443,14,351,169.6,6,0,2,2.5,57,MID
Jamie,Shackleton,2022-2023,0,0,0,0,0,0,0,0,0,0,0,0,0,0,0,45,MID
Pascal,Struijk,2022-2023,2,2,64,2046,48,200.4,518,253,4,406,97.3,4,0,4,0.5,45,DEF
Kristoffer,Klaesson,2022-2023,0,0,0,0,0,0,0,0,0,0,0,0,0,0,0.6,38,GK
Sam,Greenwood,2022-2023,1,2,27,328,9,206.1,116.6,84,1,102,40.6,0,0,1,10.2,40,FWD
Illan,Meslier,2022-2023,0,0,89,2970,63,0,725,17,8,540,74.5,5,0,3,1.9,45,GK
Junior,Firpo Adames,2022-2023,1,1,28,1154,27,122.1,273,39,3,172,43.4,1,0,5,0.1,45,DEF
Crysencio,Summerville,2022-2023,4,4,71,1268,32,199,303.6,326,4,233,82.5,1,0,3,0.6,42,MID
Lewis,Bate,2022-2023,0,0,0,0,0,0,0,0,0,0,0,0,0,0,0,45,MID
Joe,Gelhardt,2022-2023,0,2,20,201,3,32.1,49.4,114,0,44,19.4,0,0,1,0.2,51,FWD
Leo Fuhr,Hjelde,2022-2023,0,0,0,0,0,0,0,0,0,0,0,0,0,0,0.2,39,DEF
Rasmus,Kristensen,2022-2023,2,1,42,1507,38,140.2,385.2,143,1,237,67,2,0,4,0.4,47,DEF
Marc,Roca Junqué,2022-2023,1,3,63,2162,53,442.3,412.8,298,3,344,115.2,2,0,7,0.1,48,MID
Brenden,Aaronson,2022-2023,1,4,79,2293,54,661.1,303.2,431,0,223,139.9,5,0,2,0.6,53,MID
Darko,Gyabi,2022-2023,0,0,1,7,0,0.5,4.4,20,0,7,2.5,0,0,0,0.1,42,MID
Tyler,Adams,2022-2023,0,0,47,2156,36,328.9,393.6,24,1,290,74.9,5,1,4,0.1,49,MID
Luis,Sinisterra Lucumí,2022-2023,5,0,53,863,23,157.7,242.8,305,6,173,70.6,0,1,1,0.3,65,MID
Cody,Drameh,2022-2023,0,0,1,70,3,2.7,12.8,0,0,16,1.6,0,0,0,0.1,40,DEF
Archie,Gray,2022-2023,0,0,0,0,0,0,0,0,0,0,0,0,0,0,0,45,MID
Joel,Robles,2022-2023,0,0,0,0,0,0,0,0,0,0,0,0,0,0,0.1,40,GK
Wilfried,Gnonto,2022-2023,2,3,48,1115,18,263.8,228.8,211,6,156,70.5,4,0,5,0.8,47,FWD
Mateo Joseph,Fernández,2022-2023,0,0,3,24,0,0.2,3,19,0,5,2.2,0,0,0,0,45,FWD
Sonny,Perkins,2022-2023,0,0,0,0,0,0,0,0,0,0,0,0,0,0,0,45,FWD
Maximilian,Wöber,2022-2023,0,0,23,879,12,63.1,202.8,50,2,159,31.7,2,0,2,0,44,DEF
Georginio,Rutter,2022-2023,0,0,11,233,7,38.3,36.2,41,0,32,11.4,0,0,0,0,51,FWD
Weston,McKennie,2022-2023,0,0,20,1042,24,149.4,153.8,52,0,99,35.6,1,0,6,0,46,MID
Jeremiah,Chilokoa-Mullen,2022-2023,0,0,0,0,0,0,0,0,0,0,0,0,0,0,0,40,DEF
Diogo,Pinheiro Monteiro,2022-2023,0,0,0,0,0,0,0,0,0,0,0,0,0,0,0,40,DEF
James,Milner,2022-2023,0,1,36,747,7,187.6,161.6,88,0,162,43.8,3,0,1,0.6,44,MID
Jordan,Henderson,2022-2023,0,3,58,1749,26,401.6,266.6,159,0,341,83.1,6,0,2,0.5,53,MID
Joel,Matip,2022-2023,1,0,36,1001,16,49.5,223.4,90,4,206,36.2,3,0,3,0.9,59,DEF
Thiago,Alcántara do Nascimento,2022-2023,0,0,30,1252,23,265.8,244.4,86,0,194,59.8,2,0,2,0.6,51,MID
Alex,Oxlade-Chamberlain,2022-2023,1,0,20,332,7,66.3,72.4,84,2,57,22.3,0,0,0,0,49,MID
Roberto,Firmino,2022-2023,9,4,92,1128,14,292.9,508.6,755,10,396,155.7,4,0,0,2.6,80,FWD
Virgil,van Dijk,2022-2023,3,0,101,2385,32,93.7,621.4,359,10,511,107.5,8,0,2,11.7,66,DEF
Alisson,Ramses Becker,2022-2023,0,1,134,2880,39,10.1,842.8,0,10,703,85.3,11,0,0,15.2,54,GK
Fabio Henrique,Tavares,2022-2023,0,1,55,2170,27,243.4,322.8,103,0,317,66.9,8,0,9,0.8,52,MID
Mohamed,Salah,2022-2023,16,8,189,2760,37,716.4,837.4,1366,18,511,292.1,10,0,2,33.5,130,MID
Andrew,Robertson,2022-2023,0,8,105,2223,30,785.5,507.2,203,10,562,149.6,7,0,3,6.7,68,DEF
Trent,Alexander-Arnold,2022-2023,1,9,120,2382,36,1006.8,639.2,201,17,655,184.8,7,0,4,25,75,DEF
Joseph,Gomez,2022-2023,0,0,68,1371,12,43.7,297.8,27,8,324,36.9,8,0,3,0.8,43,DEF
Naby,Keita,2022-2023,0,0,10,290,4,92.6,23.8,54,0,34,16.9,1,0,1,0,47,MID
Diogo,Teixeira da Silva,2022-2023,4,4,58,886,13,194.8,268.8,288,6,185,74.8,4,0,1,5.4,89,FWD
Caoimhin,Kelleher,2022-2023,0,0,0,0,0,0,0,0,0,0,0,0,0,0,0.2,40,GK
Ibrahima,Konaté,2022-2023,0,0,32,1101,18,30.6,228.8,109,0,220,36.8,4,0,1,1.3,48,DEF
Curtis,Jones,2022-2023,0,1,19,579,9,136,106.2,116,0,85,35.7,1,0,2,0,49,MID
Konstantinos,Tsimikas,2022-2023,0,4,41,615,8,268.1,167.2,124,2,174,56.1,3,0,2,0.2,43,DEF
Luis,Díaz,2022-2023,3,2,42,662,8,116.1,182,292,4,114,58.9,2,0,2,6,78,MID
Harvey,Elliott,2022-2023,1,2,57,1488,18,336.7,243.6,345,2,264,92.7,5,0,1,0.6,48,MID
Fábio,Freitas Gouveia Carvalho,2022-2023,2,1,26,333,3,36.3,89.2,173,0,79,29.6,0,0,0,0.3,51,MID
Darwin,Núñez Ribeiro,2022-2023,9,4,92,1521,20,301.1,454.6,1053,8,293,179.6,5,1,1,7.6,86,FWD
Calvin,Ramsay,2022-2023,0,0,0,0,0,0,0,0,0,0,0,0,0,0,0.2,39,DEF
Adrián,San Miguel del Castillo,2022-2023,0,0,0,0,0,0,0,0,0,0,0,0,0,0,0.6,38,GK
Rhys,Williams,2022-2023,0,0,0,0,0,0,0,0,0,0,0,0,0,0,0,40,DEF
Ben,Davies,2022-2023,0,0,0,0,0,0,0,0,0,0,0,0,0,0,0,40,DEF
Sepp,van den Berg,2022-2023,0,0,0,0,0,0,0,0,0,0,0,0,0,0,0.1,40,DEF
Nathaniel,Phillips,2022-2023,0,0,3,65,1,1.4,15.4,18,0,17,3.4,0,0,0,0.5,38,DEF
Luke,Chambers,2022-2023,0,0,0,0,0,0,0,0,0,0,0,0,0,0,0.1,40,DEF
Stefan,Bajcetic,2022-2023,1,0,22,522,4,61.7,90.2,77,0,85,22.8,3,0,2,0,43,MID
Bobby,Clark,2022-2023,0,0,1,7,0,0.3,0,2,0,1,0.2,0,0,0,0,45,MID
Harvey,Davies,2022-2023,0,0,0,0,0,0,0,0,0,0,0,0,0,0,0,40,GK
Arthur Henrique,Ramos de Oliveira Melo,2022-2023,0,0,0,0,0,0,0,0,0,0,0,0,0,0,0,48,MID
Ben,Doak,2022-2023,0,0,2,23,1,1.4,5.6,4,0,4,1.2,0,0,0,0,45,MID
Cody,Gakpo,2022-2023,6,1,67,1056,16,193.1,273,326,4,183,78.7,4,0,0,5.6,77,MID
Kyle,Walker,2022-2023,0,0,45,1377,16,146.5,166.8,30,0,250,34.3,4,0,2,3.8,47,DEF
Ilkay,Gündogan,2022-2023,4,5,96,2004,17,558.5,410,511,3,393,147.7,9,0,0,2.2,73,MID
Kevin,De Bruyne,2022-2023,7,18,178,2255,21,1380.6,865.6,588,25,711,283.7,10,0,1,27.3,121,MID
John,Stones,2022-2023,2,2,82,1548,15,130.8,337.6,117,13,358,58.6,6,0,2,5.5,55,DEF
Riyad,Mahrez,2022-2023,5,7,92,1308,19,541.5,376.8,443,9,347,136,3,0,2,4.4,73,MID
Jack,Grealish,2022-2023,5,9,113,1859,15,634.8,467.4,609,9,451,170.8,9,0,3,15.1,73,MID
João,Cancelo,2022-2023,2,2,73,1273,16,266.4,277,276,10,304,81.2,6,1,3,18.1,71,DEF
Ederson,Santana de Moraes,2022-2023,0,1,107,2790,29,13.1,438.8,0,6,519,45.2,10,0,2,14.6,54,GK
Nathan,Aké,2022-2023,0,0,68,1680,15,152.3,329.8,107,4,336,59.1,7,0,2,3.2,50,DEF
Aymeric,Laporte,2022-2023,0,0,23,645,8,84.4,111.6,66,2,125,26.1,2,0,0,0.5,56,DEF
Zack,Steffen,2022-2023,0,0,0,0,0,0,0,0,0,0,0,0,0,0,0,40,GK
Bernardo,Veiga de Carvalho e Silva,2022-2023,4,6,99,2001,23,461.1,460.2,408,9,390,133,6,0,4,5.5,67,MID
Rúben,Gato Alves Dias,2022-2023,0,0,66,1727,15,75.5,355.2,122,1,365,55.3,7,0,3,7.3,60,DEF
Phil,Foden,2022-2023,9,6,113,1402,13,565.5,569.4,611,12,406,174.5,3,0,1,8,80,MID
Rodrigo,Hernandez,2022-2023,2,6,96,2541,24,524.7,650,458,7,540,163.6,9,0,5,1.8,56,MID
Cole,Palmer,2022-2023,0,0,10,139,3,52,26.4,52,0,36,13.2,0,0,1,0.1,42,MID
James,McAtee,2022-2023,0,0,0,0,0,0,0,0,0,0,0,0,0,0,0,45,MID
Erling,Haaland,2022-2023,33,8,241,2314,23,297,1268.4,1602,35,952,316.4,11,0,5,81.7,123,FWD
Julián,Álvarez,2022-2023,7,2,74,901,13,186.7,312.8,401,9,278,89.9,2,0,0,2.1,60,FWD
Luke,Mbete-Tabu,2022-2023,0,0,0,0,0,0,0,0,0,0,0,0,0,0,0.1,39,DEF
Josh,Wilson-Esbrand,2022-2023,0,0,0,0,0,0,0,0,0,0,0,0,0,0,0.7,38,DEF
Liam,Delap,2022-2023,0,0,0,0,0,0,0,0,0,0,0,0,0,0,0.2,44,FWD
Stefan,Ortega Moreno,2022-2023,0,0,0,0,0,0,0,0,0,0,0,0,0,0,1.1,38,GK
Kalvin,Phillips,2022-2023,0,0,6,102,2,19.9,23.8,10,0,34,5.4,0,0,1,0.1,48,MID
Scott,Carson,2022-2023,0,0,0,0,0,0,0,0,0,0,0,0,0,0,0.4,38,GK
Rico,Lewis,2022-2023,0,0,17,540,5,111.6,76.8,30,0,96,21.9,1,0,1,0.8,39,DEF
Sergio,Gómez,2022-2023,0,1,10,166,5,36.7,60.4,21,0,40,11.8,0,0,0,0.1,44,DEF
Claudio,Gomes,2022-2023,0,0,0,0,0,0,0,0,0,0,0,0,0,0,0,45,MID
Ben,Knight,2022-2023,0,0,0,0,0,0,0,0,0,0,0,0,0,0,0,45,MID
Manuel,Akanji,2022-2023,0,1,70,1945,21,108.9,332.4,164,5,393,60.6,6,0,2,3.1,50,DEF
Máximo,Perrone,2022-2023,0,0,1,18,1,2.6,1,4,0,4,0.8,0,0,0,0,44,MID
Jack,Butland,2022-2023,0,0,0,0,0,0,0,0,0,0,0,0,0,0,0.1,44,GK
Cristiano Ronaldo,dos Santos Aveiro,2022-2023,1,0,20,519,8,83.2,63.8,218,3,42,35.6,3,0,2,1.9,102,FWD
David,De Gea Quintana,2022-2023,0,0,126,2790,39,13,619,0,5,588,63.3,14,0,0,12.2,50,GK
Phil,Jones,2022-2023,0,0,0,0,0,0,0,0,0,0,0,0,0,0,0.6,38,DEF
Raphaël,Varane,2022-2023,0,0,63,1652,21,63.3,348.8,104,2,329,51.8,8,0,1,2.6,48,DEF
Harry,Maguire,2022-2023,0,0,35,659,6,20.2,176,51,2,181,24.7,5,0,4,0.4,47,DEF
Frederico,Rodrigues de Paula Santos,2022-2023,2,2,50,1039,20,297.7,253.6,201,2,220,75.1,3,0,5,0.5,51,MID
Luke,Shaw,2022-2023,1,4,96,2057,33,465.8,435.4,106,13,492,100.8,9,0,6,15.5,51,DEF
Bruno,Borges Fernandes,2022-2023,5,8,134,2699,36,1206.6,755.6,725,17,582,268.8,14,0,6,7,94,MID
Alex,Telles,2022-2023,0,0,0,0,0,0,0,0,0,0,0,0,0,0,0,50,DEF
Marcus,Rashford,2022-2023,16,6,186,2478,35,356,752.2,1148,21,482,225.8,12,0,2,40.7,71,MID
Donny,van de Beek,2022-2023,0,0,8,162,3,40.2,11.2,54,0,21,10.5,0,0,0,0.1,51,MID
Victor,Lindelöf,2022-2023,0,0,30,729,12,8.4,130.6,7,2,180,14.8,3,0,1,0.4,41,DEF
Scott,McTominay,2022-2023,1,0,34,1118,19,112.3,231.6,132,2,141,47.2,4,0,7,0.2,49,MID
Eric,Bailly,2022-2023,0,0,0,0,0,0,0,0,0,0,0,0,0,0,0.3,40,DEF
Jadon,Sancho,2022-2023,5,2,78,1246,15,379.5,284,275,4,261,93.9,10,0,0,3.1,71,MID
Aaron,Wan-Bissaka,2022-2023,0,0,50,986,7,153.9,193.6,85,3,228,43.3,6,0,1,1.1,43,DEF
Diogo,Dalot Teixeira,2022-2023,1,2,89,1879,32,406.9,430.8,272,16,444,111,9,0,5,5.7,47,DEF
Brandon,Williams,2022-2023,0,0,0,0,0,0,0,0,0,0,0,0,0,0,2.6,38,DEF
Anthony,Elanga,2022-2023,0,1,23,417,2,78.8,52.4,162,0,53,28.7,2,0,0,0.4,46,MID
Anthony,Martial,2022-2023,4,3,45,634,8,106.8,199.2,232,1,151,53.1,4,0,0,1.4,63,FWD
Facundo,Pellistri Rebollo,2022-2023,0,0,3,54,1,1.7,3.2,2,0,8,0.6,0,0,0,0,43,MID
Tom,Heaton,2022-2023,0,0,0,0,0,0,0,0,0,0,0,0,0,0,0.3,38,GK
Tyrell,Malacia,2022-2023,0,0,54,1079,11,85.5,176.2,69,8,237,33.2,6,0,3,1.9,42,DEF
Christian,Eriksen,2022-2023,1,7,80,1640,24,433.7,354,273,6,337,106,9,0,3,2.1,62,MID
Lisandro,Martínez,2022-2023,1,0,81,2113,33,110.4,571.8,82,6,481,76.7,9,0,6,5.4,44,DEF
Amad,Diallo,2022-2023,0,0,0,0,0,0,0,0,0,0,0,0,0,0,0,44,MID
Zidane,Iqbal,2022-2023,0,0,0,0,0,0,0,0,0,0,0,0,0,0,0.2,42,MID
Alejandro,Garnacho,2022-2023,2,2,30,445,11,43.7,116.4,199,0,64,35.9,0,0,2,0.5,41,MID
Carlos Henrique,Casimiro,2022-2023,2,3,61,1516,18,270.2,432,174,9,268,87.8,7,2,5,1.9,49,MID
Antony Matheus,dos Santos,2022-2023,4,1,67,1438,20,267.1,258.8,499,4,209,102,9,0,4,3.1,73,MID
Matej,Kovár,2022-2023,0,0,0,0,0,0,0,0,0,0,0,0,0,0,0,40,GK
Kobbie,Mainoo,2022-2023,0,0,1,10,0,0.8,5.8,6,0,2,1.3,0,0,0,0,45,MID
Nathan,Bishop,2022-2023,0,0,0,0,0,0,0,0,0,0,0,0,0,0,0,40,GK
Shola,Shoretire,2022-2023,0,0,0,0,0,0,0,0,0,0,0,0,0,0,0,45,FWD
Rhys,Bennett,2022-2023,0,0,0,0,0,0,0,0,0,0,0,0,0,0,0,40,DEF
Wout,Weghorst,2022-2023,0,1,19,661,9,127.9,73.6,101,0,48,30.2,4,0,1,0.4,54,FWD
Marcel,Sabitzer,2022-2023,0,1,20,507,6,102.2,91.4,68,0,81,26.3,4,0,1,0.1,47,MID
Marc,Jurado Gomez,2022-2023,0,0,0,0,0,0,0,0,0,0,0,0,0,0,0,40,DEF
Anthony,Gordon,2022-2023,3,0,53,1429,15,202.9,262.2,493,2,154,95.9,4,0,7,0.9,51,MID
Matt,Ritchie,2022-2023,0,0,6,34,0,16.4,8.6,2,0,21,2.7,0,0,0,0.1,42,DEF
Federico,Fernández,2022-2023,0,0,0,0,0,0,0,0,0,0,0,0,0,0,0,44,DEF
Ciaran,Clark,2022-2023,0,0,0,0,0,0,0,0,0,0,0,0,0,0,0,45,DEF
Karl,Darlow,2022-2023,0,0,0,0,0,0,0,0,0,0,0,0,0,0,0.8,39,GK
Martin,Dubravka,2022-2023,0,0,8,66,0,0,29.4,0,1,31,2.9,1,0,0,0.4,41,GK
Callum,Wilson,2022-2023,13,5,116,1498,12,217.5,459.8,723,11,389,139.9,9,0,3,3.8,69,FWD
Kieran,Trippier,2022-2023,1,7,175,2802,24,1512.6,769,105,34,813,239,15,0,5,66.7,62,DEF
Dan,Burn,2022-2023,0,0,109,2653,24,185.6,448,206,4,503,84.1,13,0,4,4.4,45,DEF
Ryan,Fraser,2022-2023,0,0,11,308,3,74,26.8,70,0,39,17.2,1,0,1,0.1,52,MID
Jamaal,Lascelles,2022-2023,0,0,3,214,5,0.9,42.6,13,0,22,5.4,0,0,4,0.1,43,DEF
Dwight,Gayle,2022-2023,0,0,0,0,0,0,0,0,0,0,0,0,0,0,0,45,FWD
Paul,Dummett,2022-2023,0,0,0,0,0,0,0,0,0,0,0,0,0,0,0.3,39,DEF
Javier,Manquillo Gaitán,2022-2023,0,0,3,33,1,5.5,12,2,0,16,2,0,0,0,0.1,42,DEF
Emil,Krafth,2022-2023,0,0,1,1,0,0,0,0,0,3,0,0,0,0,0,43,DEF
Jacob,Murphy,2022-2023,4,2,72,1064,10,269.4,230.8,338,2,221,83.9,3,0,0,3,41,MID
Fabian,Schär,2022-2023,1,3,129,2667,21,209.9,568,407,6,552,118.7,14,0,5,14.3,51,DEF
Matt,Targett,2022-2023,0,0,31,517,5,116.1,86.4,8,2,141,21,3,0,1,0.5,47,DEF
Allan,Saint-Maximin,2022-2023,1,6,60,989,12,330,244,328,4,208,90.3,4,0,1,3.1,61,MID
Miguel,Almirón Rejala,2022-2023,11,3,144,2102,18,311.5,550.4,744,15,464,160.8,14,0,2,12.6,54,MID
Sean,Longstaff,2022-2023,1,5,90,2424,18,339.4,365.2,375,2,341,108.2,12,0,2,1.2,43,MID
Joelinton Cássio,Apolinário de Lira,2022-2023,6,5,108,2310,20,341.7,528.4,571,10,428,144.2,11,0,11,2,60,MID
Jamal,Lewis,2022-2023,0,0,1,7,1,0.8,1,4,0,3,0.6,0,0,0,0,44,DEF
Joe,Willock,2022-2023,3,6,112,2243,20,411.9,448.6,579,11,364,144,12,0,1,1.1,47,MID
Bruno,Guimarães Rodriguez Moura,2022-2023,3,5,91,2187,18,473.5,478,221,4,363,117.4,11,0,4,2.8,55,MID
Jeff,Hendrick,2022-2023,0,0,0,0,0,0,0,0,0,0,0,0,0,0,0,45,MID
Nick,Pope,2022-2023,0,0,137,2811,26,10,566.6,0,12,586,57.6,13,1,3,21,54,GK
Sven,Botman,2022-2023,0,1,109,2587,23,99.7,465,227,5,564,79.5,12,0,2,6.6,45,DEF
Elliot,Anderson,2022-2023,0,0,16,202,6,72.5,53.4,152,0,47,27.7,0,0,0,0.1,43,MID
Harrison,Ashby,2022-2023,0,0,0,0,0,0,0,0,0,0,0,0,0,0,0.7,38,DEF
Alexander,Isak,2022-2023,10,0,81,983,13,157,420.2,577,16,293,115.4,3,0,2,9.5,69,FWD
Loris,Karius,2022-2023,0,0,0,0,0,0,0,0,0,0,0,0,0,0,0.1,39,GK
Garang,Kuol,2022-2023,0,0,0,0,0,0,0,0,0,0,0,0,0,0,0,45,MID
Lewis,Miley,2022-2023,0,0,0,0,0,0,0,0,0,0,0,0,0,0,0,45,MID
Neco,Williams,2022-2023,1,1,54,1872,41,257.3,372.2,209,1,284,84,4,0,7,14.4,38,DEF
Jonjo,Shelvey,2022-2023,0,0,16,573,11,102.1,55.6,11,0,67,16.3,1,0,2,0,48,MID
Chris,Wood,2022-2023,3,0,53,807,9,82.1,145.2,169,7,163,39.3,4,0,0,0.6,56,FWD
Harry,Arter,2022-2023,0,0,0,0,0,0,0,0,0,0,0,0,0,0,0.3,41,MID
Steve,Cook,2022-2023,0,0,20,956,21,39.3,177.4,28,0,149,24.4,2,0,4,0.1,43,DEF
Lyle,Taylor,2022-2023,0,0,0,0,0,0,0,0,0,0,0,0,0,0,4.2,41,FWD
Jack,Colback,2022-2023,0,0,14,492,11,33.7,62,2,0,73,9.9,0,0,0,0.7,41,MID
Brice,Samba,2022-2023,0,0,0,0,0,0,0,0,0,0,0,0,0,0,0,45,GK
Carlos,Ribeiro Dias,2022-2023,0,0,1,6,0,0.1,2.4,0,0,3,0.3,0,0,0,0.3,42,MID
Joe,Lolley,2022-2023,0,0,0,0,0,0,0,0,0,0,0,0,0,0,0,49,MID
Scott,McKenna,2022-2023,0,0,40,1570,32,93.9,278.8,46,0,275,41.8,5,0,4,0.1,44,DEF
Mohamed,Dräger,2022-2023,0,0,0,0,0,0,0,0,0,0,0,0,0,0,0.1,40,DEF
Ryan,Yates,2022-2023,0,3,44,1491,29,95.2,189.6,226,0,151,50.6,4,0,4,0,50,MID
Joe,Worrall,2022-2023,1,0,50,1829,38,65.4,415.6,84,2,303,56.2,4,0,6,0.1,42,DEF
Jonathan,Panzo,2022-2023,0,0,0,0,0,0,0,0,0,0,0,0,0,0,0,40,DEF
Xande,Nascimento da Costa Silva,2022-2023,0,0,0,0,0,0,0,0,0,0,0,0,0,0,0,50,MID
Sam,Surridge,2022-2023,1,0,24,296,4,15.9,59.4,90,3,60,15.7,0,0,2,0.7,46,FWD
Richie,Laryea,2022-2023,0,0,0,0,0,0,0,0,0,0,0,0,0,0,0,45,DEF
Loïc,Mbe Soh,2022-2023,0,0,0,0,0,0,0,0,0,0,0,0,0,0,0,42,DEF
Brennan,Johnson,2022-2023,8,3,108,2675,51,348,445.4,713,15,340,149.9,6,0,6,1.8,56,FWD
Alex,Mighten,2022-2023,0,0,1,7,0,0.3,0,0,0,1,0,0,0,0,0,49,MID
Braian,Ojeda Rodríguez,2022-2023,0,0,0,0,0,0,0,0,0,0,0,0,0,0,0,45,MID
Taiwo,Awoniyi,2022-2023,4,1,61,1016,24,124.6,208.2,285,9,168,61.1,4,0,1,0.4,56,FWD
Dean,Henderson,2022-2023,0,0,82,1620,31,0,474.4,0,12,367,47.5,6,0,2,5.4,46,GK
Giulian,Biancone,2022-2023,0,0,2,15,1,0,6.8,0,0,9,0.7,0,0,0,0,42,DEF
Willy,Boly,2022-2023,0,1,33,593,8,11.7,143.6,24,7,132,18.1,3,0,2,0.1,41,DEF
Morgan,Gibbs-White,2022-2023,4,8,118,2703,53,887.9,508.6,562,10,391,195.6,7,0,4,0.5,55,MID
Moussa,Niakhaté,2022-2023,0,0,15,713,14,12.4,106,35,0,78,15.4,1,0,0,0,43,DEF
Omar,Richards,2022-2023,0,0,0,0,0,0,0,0,0,0,0,0,0,0,0,44,DEF
Wayne,Hennessey,2022-2023,0,0,4,180,4,0,62.2,0,0,28,6.3,0,0,0,1.4,39,GK
Harry,Toffolo,2022-2023,0,0,27,878,15,92.1,145.8,67,1,127,30.4,2,0,2,0.1,43,DEF
Lewis,O'Brien,2022-2023,1,0,22,578,14,56.4,107.8,47,0,88,21.1,1,0,2,0,47,MID
Jesse,Lingard,2022-2023,0,1,33,918,17,151.9,50.6,127,0,93,32.9,5,0,1,1.2,54,MID
Orel,Mangala,2022-2023,1,0,35,1122,18,43.6,138.8,75,0,129,25.7,3,0,3,0,49,MID
Oliver,Hammond,2022-2023,0,0,0,0,0,0,0,0,0,0,0,0,0,0,0,43,MID
Remo,Freuler,2022-2023,0,0,54,2157,47,174.7,272.2,54,0,267,50.3,6,0,4,0,49,MID
Cheikhou,Kouyaté,2022-2023,1,0,30,787,20,72.1,141.6,79,2,123,29.2,2,0,3,0.1,44,MID
Emmanuel,Dennis,2022-2023,2,2,38,691,17,96.8,166.4,286,3,115,54.6,1,0,3,0.1,56,FWD
Renan Augusto,Lodi dos Santos,2022-2023,0,1,45,1816,42,142.9,269.4,79,3,304,49.3,4,0,5,0.2,43,DEF
Loïc,Badé,2022-2023,0,0,0,0,0,0,0,0,0,0,0,0,0,0,0,45,DEF
Serge,Aurier,2022-2023,1,0,59,1520,24,161.1,362.8,108,8,281,63.3,5,0,2,0.3,43,DEF
Dale,Taylor,2022-2023,0,0,0,0,0,0,0,0,0,0,0,0,0,0,0,45,FWD
Jordan,Smith,2022-2023,0,0,0,0,0,0,0,0,0,0,0,0,0,0,0,40,GK
Gustavo Henrique,Furtado Scarpa,2022-2023,0,0,5,177,1,17.3,15,25,0,16,5.7,0,0,1,0,47,MID
Danilo,dos Santos de Oliveira,2022-2023,1,1,23,634,11,72.1,136.6,57,2,92,26.5,0,0,1,0,45,MID
Keylor,Navas,2022-2023,0,0,28,1170,25,0,291.8,0,3,194,29.1,1,0,2,0.9,45,GK
Felipe Augusto,de Almeida Monteiro,2022-2023,0,1,14,1069,25,58.2,295,98,0,171,45.2,0,0,3,0,45,DEF
André,Ayew,2022-2023,0,0,10,269,8,6.3,27.2,53,0,26,8.7,0,0,0,0,50,MID
George,Shelvey,2022-2023,0,0,0,0,0,0,0,0,0,0,0,0,0,0,0,40,GK
Ainsley,Maitland-Niles,2022-2023,0,1,33,1209,23,127.6,247.2,19,0,178,39.1,3,0,3,0,48,MID
Roméo,Lavia,2022-2023,1,0,46,1804,36,181.5,280.2,37,0,253,50.2,4,0,7,0.2,45,MID
Theo,Walcott,2022-2023,2,1,39,810,17,129.2,142.6,153,1,99,42.3,2,0,1,0.1,48,MID
Alex,McCarthy,2022-2023,0,0,2,90,1,0,0,0,0,13,0,0,0,0,0.1,43,GK
Oriol,Romeu Vidal,2022-2023,0,0,2,74,4,3.8,6.2,2,0,9,1.2,0,0,0,0,48,MID
Nathan,Redmond,2022-2023,0,0,1,1,0,0,0,0,0,3,0,0,0,0,0,53,MID
Stuart,Armstrong,2022-2023,1,1,42,1129,25,221.1,145,200,2,156,56.8,1,0,5,0.1,47,MID
Mohamed,Elyounoussi,2022-2023,0,1,52,1993,38,280.4,240.8,345,0,193,86.3,2,0,3,0.1,51,MID
James,Ward-Prowse,2022-2023,7,2,114,2925,56,1022.6,745.2,281,15,608,204.9,4,0,5,5.4,62,MID
Adam,Armstrong,2022-2023,1,1,46,1252,20,135.7,134.4,241,3,123,50.2,1,0,2,0.7,53,FWD
Kyle,Walker-Peters,2022-2023,1,0,54,2200,42,223.9,336,160,2,279,72,3,0,3,0.7,44,DEF
Jan,Bednarek,2022-2023,0,0,31,1320,24,36.5,280.2,43,2,253,36,3,0,3,0.2,42,DEF
Che,Adams,2022-2023,5,5,91,1899,35,327.6,335.8,549,9,265,120.5,4,0,1,0.8,60,FWD
Nathan,Tella,2022-2023,0,0,0,0,0,0,0,0,0,0,0,0,0,0,0,50,MID
Lyanco,Silveira Neves Vojnovic,2022-2023,0,0,16,782,14,19.7,144.8,68,0,114,23.4,0,0,4,0,44,DEF
Yan,Valery,2022-2023,0,0,0,45,2,0.9,4,0,0,1,0.5,0,0,0,0.3,40,DEF
Will,Smallbone,2022-2023,0,0,0,0,0,0,0,0,0,0,0,0,0,0,0,45,MID
Ibrahima,Diallo,2022-2023,0,0,19,813,19,66,85.4,28,0,95,17.7,0,0,4,0.3,42,MID
Romain,Perraud,2022-2023,2,2,71,1828,35,251.5,352.6,292,5,304,89.5,4,0,4,0.6,41,DEF
Moussa,Djenepo,2022-2023,0,2,25,622,13,111.9,136.6,66,0,113,31.7,0,0,0,0.1,50,MID
Tino,Livramento,2022-2023,0,0,0,0,0,0,0,0,0,0,0,0,0,0,0,44,DEF
Mohammed,Salisu,2022-2023,0,1,33,1971,41,109.7,537.4,167,2,305,81.5,1,0,5,0.1,43,DEF
Mateusz,Lis,2022-2023,0,0,0,0,0,0,0,0,0,0,0,0,0,0,0.1,40,GK
Gavin,Bazunu,2022-2023,0,0,84,2880,56,10,633,0,3,485,64.2,4,0,0,0.7,45,GK
Armel,Bella-Kotchap,2022-2023,0,2,48,1754,34,75.8,388.4,103,5,315,57,3,0,4,0.2,45,DEF
Willy,Caballero,2022-2023,0,0,0,0,0,0,0,0,0,0,0,0,0,0,0.7,39,GK
Joe,Ayodele-Aribo,2022-2023,2,0,44,1150,21,134.1,205.4,366,3,155,70.8,1,0,2,0.3,50,MID
Sékou,Mara,2022-2023,1,2,31,510,9,77.2,104.8,165,0,88,33.6,0,0,1,0.1,53,FWD
Juan,Larios López,2022-2023,0,0,4,150,2,7.8,27.6,4,0,28,3.9,0,0,0,0,40,DEF
Duje,Caleta-Car,2022-2023,1,0,28,942,15,14.8,238,66,2,182,32,1,0,2,0,44,DEF
Samuel,Edozie,2022-2023,0,0,22,540,9,85.5,79,125,0,74,28.9,1,0,0,0,46,MID
Lewis,Payne,2022-2023,0,0,0,0,0,0,0,0,0,0,0,0,0,0,0,45,MID
Ryan,Finnigan,2022-2023,0,0,0,0,0,0,0,0,0,0,0,0,0,0,0,45,MID
Jimmy,Morgan,2022-2023,0,0,0,0,0,0,0,0,0,0,0,0,0,0,0,45,FWD
Mislav,Orsic,2022-2023,0,0,1,6,0,0.3,2,0,0,4,0.2,0,0,0,0,51,MID
Carlos,Alcaraz,2022-2023,3,1,38,641,11,48.3,167.4,161,4,109,37.7,0,0,2,0,50,MID
James,Bree,2022-2023,0,0,4,200,5,64.2,42,4,0,33,10.9,0,0,0,0,45,DEF
Kamaldeen,Sulemana,2022-2023,0,0,22,729,13,160.1,64.2,144,0,53,36.8,3,0,1,0,49,MID
Paul,Onuachu,2022-2023,0,0,11,326,6,52.3,27.8,91,0,22,16.9,1,0,0,0,54,FWD
Hugo,Lloris,2022-2023,0,0,89,2205,39,0,540,0,12,456,54,7,0,0,3.3,54,GK
Fraser,Forster,2022-2023,0,0,31,765,14,0,176,0,1,159,17.6,2,0,0,4,39,GK
Harry,Kane,2022-2023,24,8,217,2956,52,610.3,1067.8,1574,38,821,325.4,10,0,5,31.1,115,FWD
Son,Heung-min,2022-2023,9,4,131,2453,45,731.6,586,781,8,401,209.6,8,0,1,6.1,115,MID
Matt,Doherty,2022-2023,1,0,35,663,9,110.5,147,146,2,147,40.3,3,0,0,0.3,46,DEF
Eric,Dier,2022-2023,2,1,95,2724,48,111.9,620.6,231,5,553,96.4,9,0,3,5.7,51,DEF
Lucas,Rodrigues Moura da Silva,2022-2023,0,0,9,119,3,43.3,29,30,0,33,10.2,0,1,0,0.2,58,MID
Ben,Davies,2022-2023,2,3,90,1841,24,238.6,363,166,3,409,76.9,8,0,3,1,47,DEF
Pierre-Emile,Højbjerg,2022-2023,4,5,113,2861,51,458.7,719.8,214,10,589,139.5,9,0,5,2,54,MID
Harry,Winks,2022-2023,0,0,0,0,0,0,0,0,0,0,0,0,0,0,0.6,44,MID
Davinson,Sánchez,2022-2023,0,0,25,668,13,27.5,161.4,48,1,136,23.7,2,0,1,0.5,42,DEF
Ryan,Sessegnon,2022-2023,2,1,35,805,15,103,148.6,290,0,121,54.3,1,0,4,0.5,44,DEF
Steven,Bergwijn,2022-2023,0,0,0,0,0,0,0,0,0,0,0,0,0,0,0,55,MID
Sergio,Reguilón,2022-2023,0,0,0,0,0,0,0,0,0,0,0,0,0,0,0.3,42,DEF
Japhet,Tanganga,2022-2023,0,0,4,145,5,6.2,24.4,0,0,32,3,0,0,0,2.4,38,DEF
Rodrigo,Bentancur,2022-2023,5,2,71,1501,24,180.2,489.6,236,7,342,90.7,6,0,8,0.3,53,MID
Oliver,Skipp,2022-2023,1,0,33,1076,20,131.9,151.4,46,1,153,33.1,3,0,6,0.1,43,MID
Joe,Rodon,2022-2023,0,0,0,0,0,0,0,0,0,0,0,0,0,0,0,40,DEF
Cristian,Romero,2022-2023,0,1,56,2093,35,93.4,430,73,2,376,59.6,7,1,8,1.5,49,DEF
Yves,Bissouma,2022-2023,0,0,23,803,15,124.8,102,21,0,140,24.7,1,0,5,0.2,47,MID
Emerson,Leite de Souza Junior,2022-2023,2,2,76,1385,22,167,333.6,221,9,340,72.2,6,1,2,1.8,48,DEF
Dejan,Kulusevski,2022-2023,2,6,84,1818,34,549.5,371.4,457,5,276,137.4,7,0,2,3.7,78,MID
Dane,Scarlett,2022-2023,0,0,0,0,0,0,0,0,0,0,0,0,0,0,0,45,FWD
Ivan,Perišić,2022-2023,1,7,88,2004,40,654.4,448.6,342,6,394,144.3,6,0,6,15.4,53,DEF
Harvey,White,2022-2023,0,0,1,4,0,7.3,2,0,0,4,0.9,0,0,0,0.3,44,MID
Pape Matar,Sarr,2022-2023,0,0,9,164,9,15.5,26.6,4,0,36,4.6,0,0,1,0.5,42,MID
Brandon,Austin,2022-2023,0,0,0,0,0,0,0,0,0,0,0,0,0,0,0.3,39,GK
Alfie,Devine,2022-2023,0,0,0,0,0,0,0,0,0,0,0,0,0,0,0.1,43,MID
Troy,Parrott,2022-2023,0,0,0,0,0,0,0,0,0,0,0,0,0,0,0.1,45,FWD
Richarlison,de Andrade,2022-2023,0,5,44,821,15,195.3,148,282,2,127,62.4,2,0,2,0.7,84,FWD
Clément,Lenglet,2022-2023,0,2,54,1661,29,117.6,322.4,114,6,322,55.4,4,0,3,0.3,48,DEF
Djed,Spence,2022-2023,0,0,4,5,0,1.3,0.2,20,0,10,2.2,0,0,0,0.2,41,DEF
Bryan,Gil Salvatierra,2022-2023,0,1,9,146,1,27.5,30.4,27,0,22,8.5,1,0,1,0,50,MID
Arnaut,Danjuma,2022-2023,1,0,10,86,2,21.4,52.4,58,0,35,13.2,0,0,0,0,61,MID
Pedro,Porro,2022-2023,2,1,31,768,19,216.5,146.2,81,0,139,44.4,1,0,0,0.8,48,DEF
Romaine,Mundle,2022-2023,0,0,0,0,0,0,0,0,0,0,0,0,0,0,0,45,MID
George,Abbott,2022-2023,0,0,0,0,0,0,0,0,0,0,0,0,0,0,0,45,MID
Danny,Ings,2022-2023,8,0,85,1335,21,157.1,369.8,557,13,280,108,5,0,3,1.6,64,FWD
Lukasz,Fabianski,2022-2023,0,0,111,2571,36,0,619,0,9,520,61.8,8,0,1,1.2,49,GK
Angelo,Ogbonna,2022-2023,0,0,33,803,10,22.5,126.2,22,4,144,17.2,3,0,0,0.1,44,DEF
Aaron,Cresswell,2022-2023,0,1,65,1940,26,613.3,381.6,81,8,384,108,5,0,3,1.6,47,DEF
Michail,Antonio,2022-2023,4,3,71,1516,22,193.1,260.6,491,3,191,94.2,4,0,2,1.8,70,FWD
Manuel,Lanzini,2022-2023,0,0,7,143,3,7.6,7,16,0,20,2.9,0,0,0,0.1,50,MID
Kurt,Zouma,2022-2023,2,1,86,1925,27,18.7,415,235,8,382,67.1,7,0,0,1.8,44,DEF
Arthur,Masuaku,2022-2023,0,0,0,0,0,0,0,0,0,0,0,0,0,0,0,45,DEF
Vladimir,Coufal,2022-2023,0,2,54,1804,27,293.4,317.6,47,2,282,66,4,0,4,1.2,40,DEF
Saïd,Benrahma,2022-2023,5,3,90,1825,28,558.6,445.8,587,2,301,159.1,5,0,0,1.1,55,MID
Jarrod,Bowen,2022-2023,5,8,123,2856,43,598.5,529,956,6,358,208.6,8,0,2,3.6,80,MID
Nikola,Vlasic,2022-2023,0,0,0,0,0,0,0,0,0,0,0,0,0,0,0,50,MID
Declan,Rice,2022-2023,3,3,99,2880,43,503.8,694.8,176,10,541,137.5,8,0,5,3.2,47,MID
Tomas,Soucek,2022-2023,1,2,79,2484,35,208.7,469.4,362,3,300,104.2,7,0,2,0.6,50,MID
Pablo,Fornals Malla,2022-2023,2,1,54,1118,17,233.3,213.2,160,3,219,60.5,1,0,0,0.3,49,MID
Ben,Johnson,2022-2023,0,0,26,740,9,70,148.8,3,1,144,22.3,2,0,0,0.1,44,DEF
Nayef,Aguerd,2022-2023,1,0,42,1234,20,46.5,298.4,62,3,241,40.7,4,0,4,0.4,48,DEF
Alphonse,Areola,2022-2023,0,0,7,307,7,0,69.4,0,0,42,6.8,0,0,0,0.9,43,GK
Flynn,Downes,2022-2023,0,0,21,486,7,22.4,38,51,0,70,10.9,1,0,1,0.3,42,MID
Gianluca,Scamacca,2022-2023,3,0,41,921,12,160.7,151.8,312,7,110,62,3,0,3,0.6,66,FWD
Emerson,Palmieri dos Santos,2022-2023,1,0,33,982,19,143.8,168.6,150,2,163,46.4,2,0,2,1.4,40,DEF
Conor,Coventry,2022-2023,0,0,1,1,0,0,0,0,0,3,0,0,0,0,0.1,44,MID
Armstrong,Oko-Flex,2022-2023,0,0,0,0,0,0,0,0,0,0,0,0,0,0,0,44,MID
Maxwel,Cornet,2022-2023,0,0,11,154,3,22.1,19,62,0,20,9.8,0,0,0,0.1,59,MID
Thilo,Kehrer,2022-2023,0,3,58,1914,29,110.5,311.2,78,4,312,50.3,4,0,4,0.2,43,DEF
Lucas,Tolentino Coelho de Lima,2022-2023,4,4,85,1746,29,365,416.4,406,8,332,119.1,5,0,4,0.8,59,MID
Divin,Mubama,2022-2023,0,0,1,3,0,0.1,0,0,0,3,0,0,0,0,0.1,45,FWD
Joseph,Anang,2022-2023,0,0,0,0,0,0,0,0,0,0,0,0,0,0,0,40,GK
Krisztián,Hegyi,2022-2023,0,0,0,0,0,0,0,0,0,0,0,0,0,0,0,39,GK
Kaelan,Casey,2022-2023,0,0,0,0,0,0,0,0,0,0,0,0,0,0,0,40,DEF
Craig,Dawson,2022-2023,1,1,68,1819,24,35.4,391.8,139,6,339,56.8,6,0,4,0.9,48,DEF
Raúl,Jiménez,2022-2023,0,2,26,737,12,115.7,74.6,269,0,63,46,2,0,0,0.3,66,FWD
Jonathan,Castro Otto,2022-2023,1,0,45,1257,21,118.2,233.2,83,0,219,43.7,5,1,3,0.3,43,DEF
José,Malheiro de Sá,2022-2023,0,0,139,2970,44,0,807.2,0,16,636,80.9,10,0,2,5.6,50,GK
Rúben,da Silva Neves,2022-2023,6,1,105,2618,38,387.5,722.4,336,16,508,144.5,8,0,11,1.6,52,MID
Hwang,Hee-chan,2022-2023,2,2,44,866,11,131,149.8,190,0,122,47.1,2,0,1,0.2,57,MID
Nélson,Cabral Semedo,2022-2023,0,1,69,2228,31,210.7,410,68,5,363,68.4,7,1,9,0.8,50,DEF
Daniel,Castelo Podence,2022-2023,6,1,87,1617,28,483,368.2,548,10,238,139.8,5,0,5,0.7,52,MID
Max,Kilman,2022-2023,0,1,102,2970,44,54.1,691,94,11,556,84.2,10,0,3,3.4,43,DEF
Luke,Cundle,2022-2023,0,0,0,0,0,0,0,0,0,0,0,0,0,0,0.2,44,MID
Pedro,Lomba Neto,2022-2023,0,2,31,752,8,237,82,189,0,108,50.7,4,0,1,1.6,49,MID
Rayan,Aït-Nouri,2022-2023,1,0,41,1022,16,130.5,195,156,0,190,48.3,4,0,4,0.8,41,DEF
Fabio,Silva,2022-2023,0,0,0,0,0,0,0,0,0,0,0,0,0,0,0,55,FWD
Toti António,Gomes,2022-2023,0,0,24,670,9,51.4,147.8,36,1,137,23.5,3,0,5,2.4,38,DEF
Francisco Jorge,Tomás Oliveira,2022-2023,0,0,0,0,0,0,0,0,0,0,0,0,0,0,0,50,MID
Adama,Traoré Diarra,2022-2023,2,3,57,1272,24,347.7,240.8,231,0,204,81.9,1,0,0,0.3,54,MID
Matija,Šarkić,2022-2023,0,0,0,0,0,0,0,0,0,0,0,0,0,0,1.5,39,GK
Yerson,Mosquera Valdelamar,2022-2023,0,0,0,0,0,0,0,0,0,0,0,0,0,0,0.9,39,DEF
João Filipe Iria,Santos Moutinho,2022-2023,0,2,55,1772,28,537.7,309.8,142,0,295,99.2,6,0,3,0.3,46,MID
Nathan,Collins,2022-2023,0,0,46,1579,29,37.4,377,29,6,294,44.6,4,1,2,0.5,43,DEF
Jackson,Smith,2022-2023,0,0,0,0,0,0,0,0,0,0,0,0,0,0,0.7,39,GK
Hugo,Bueno López,2022-2023,0,1,41,1144,19,227.6,207.6,74,3,218,51.2,3,0,1,3.1,38,DEF
Joseph,Hodge,2022-2023,0,0,4,167,5,16.2,14.4,26,0,15,5.7,0,0,1,0,43,MID
Connor,Ronan,2022-2023,0,0,1,1,0,0.4,0.6,0,0,3,0.1,0,0,0,0.1,44,MID
Chem,Campbell,2022-2023,0,0,5,68,2,3,5.6,16,0,9,2.4,0,0,0,0.3,44,MID
Gonçalo Manuel,Ganchinho Guedes,2022-2023,1,1,29,703,12,139.6,89.4,223,1,85,45.1,2,0,1,0.2,58,MID
Matheus Luiz,Nunes,2022-2023,1,1,72,2132,26,369.6,322,270,5,297,96.2,10,1,1,0.2,48,MID
Sasa,Kalajdzic,2022-2023,0,0,1,45,0,0,0,9,0,-1,0.7,0,0,0,0,53,FWD
Diego,Da Silva Costa,2022-2023,1,0,29,1011,11,119.3,87.8,464,3,36,66.1,5,1,3,0.3,53,FWD
Boubacar,Traoré,2022-2023,0,1,12,380,7,16.6,48,7,0,38,7.2,0,0,2,0.1,43,MID
Nathan,Fraser,2022-2023,0,0,0,0,0,0,0,0,0,0,0,0,0,0,0.1,45,FWD
Harvey,Griffiths,2022-2023,0,0,0,0,0,0,0,0,0,0,0,0,0,0,0,44,MID
Dexter,Lembikisa,2022-2023,0,0,1,22,1,0.8,1.4,0,0,3,0.2,0,0,0,0,40,DEF
Matheus,Santos Carneiro Da Cunha,2022-2023,2,0,34,832,10,79.2,121.8,207,6,94,40.4,4,0,1,0.2,53,FWD
Mario,Lemina,2022-2023,0,1,25,937,15,54.7,160.4,34,0,139,24.9,4,1,2,0,45,MID
Pablo,Sarabia,2022-2023,1,0,24,695,9,178,89.2,148,3,54,41.1,2,0,3,0.1,51,MID
Daniel,Bentley,2022-2023,0,0,0,0,0,0,0,0,0,0,0,0,0,0,0,40,GK
João Victor,Gomes da Silva,2022-2023,1,0,16,430,8,58.9,119.4,29,2,63,20.6,2,0,5,0,45,MID
